sku,category,flavour,pack_size_g,sku_description,unit_price_sgd,unit_cost_sgd,gross_margin_pct,current_stock_units,avg_daily_units_90d,days_of_cover,dietary_tags,allergen_tags,is_halal
ALM-130G-NATURAL-BAKED-014,Almonds,Natural Baked,130,Natural Baked Almonds 130g,5.35,3.329,37.78,156,1.7,91.8,"halal,high_fiber,no_added_sugar",contains_tree_nuts,True
ALM-130G-ROASTED-002,Almonds,Roasted,130,Roasted Almonds 130g,5.35,3.235,39.53,127,1.511,84.0,"gluten_free,halal",contains_tree_nuts,True
ALM-135G-HONEY-005,Almonds,Honey,135,Honey Almonds 135g,5.25,3.339,36.4,94,1.522,61.8,"halal,high_protein,keto_friendly",contains_tree_nuts,True
ALM-135G-NATURAL-BAKED-015,Almonds,Natural Baked,135,Natural Baked Almonds 135g,5.0,2.868,42.64,103,1.433,71.9,"halal,high_protein,keto_friendly,no_added_sugar,vegan",contains_tree_nuts,True
ALM-135G-ROASTED-003,Almonds,Roasted,135,Roasted Almonds 135g,5.0,2.854,42.92,48,1.322,36.3,"gluten_free,halal,high_fiber,no_added_sugar",contains_tree_nuts,True
ALM-135G-SMOKED-009,Almonds,Smoked,135,Smoked Almonds 135g,5.4,3.134,41.96,126,1.344,93.7,"halal,high_fiber",contains_tree_nuts,True
ALM-150G-ROASTED-004,Almonds,Roasted,150,Roasted Almonds 150g,5.0,3.059,38.82,90,1.478,60.9,halal,contains_tree_nuts,True
ALM-150G-SMOKED-010,Almonds,Smoked,150,Smoked Almonds 150g,5.4,3.288,39.11,166,1.533,108.3,"halal,high_protein,no_added_sugar",contains_tree_nuts,True
ALM-300G-NATURAL-BAKED-016,Almonds,Natural Baked,300,Natural Baked Almonds 300g,2.95,1.788,39.39,66,1.433,46.0,"gluten_free,halal,high_fiber,keto_friendly,no_added_sugar",contains_tree_nuts,True
ALM-300G-SMOKED-011,Almonds,Smoked,300,Smoked Almonds 300g,3.19,1.999,37.34,44,1.767,24.9,"halal,keto_friendly,vegan",contains_tree_nuts,True
ALM-360G-HONEY-006,Almonds,Honey,360,Honey Almonds 360g,12.76,8.345,34.6,164,1.389,118.1,"gluten_free,halal,vegan",contains_tree_nuts,True
ALM-360G-SMOKED-012,Almonds,Smoked,360,Smoked Almonds 360g,13.12,7.56,42.38,193,1.622,119.0,"halal,high_fiber,keto_friendly",contains_tree_nuts,True
ALM-36G-ROASTED-001,Almonds,Roasted,36,Roasted Almonds 36g,1.6,0.928,42.0,156,1.733,90.0,"halal,keto_friendly,low_salt,no_added_sugar,vegan",contains_tree_nuts,True
ALM-36G-SMOKED-007,Almonds,Smoked,36,Smoked Almonds 36g,1.73,1.031,40.4,39,1.433,27.2,"halal,keto_friendly,vegan",contains_tree_nuts,True
ALM-400G-NATURAL-BAKED-017,Almonds,Natural Baked,400,Natural Baked Almonds 400g,12.15,6.712,44.76,65,1.478,44.0,"halal,no_added_sugar,vegan",contains_tree_nuts,True
ALM-80G-NATURAL-BAKED-013,Almonds,Natural Baked,80,Natural Baked Almonds 80g,2.8,1.746,37.64,150,2.033,73.8,"gluten_free,halal,low_salt",contains_tree_nuts,True
ALM-80G-SMOKED-008,Almonds,Smoked,80,Smoked Almonds 80g,3.02,1.88,37.75,61,1.8,33.9,"gluten_free,halal",contains_tree_nuts,True
CAS-120G-ROASTED-019,Cashews,Roasted,120,Roasted Cashews 120g,1.42,0.811,42.89,130,1.833,70.9,"halal,keto_friendly",contains_tree_nuts,True
CAS-130G-NATURAL-BAKED-028,Cashews,Natural Baked,130,Natural Baked Cashews 130g,5.62,3.209,42.9,234,2.167,108.0,"halal,high_fiber,low_salt",contains_tree_nuts,True
CAS-130G-ROASTED-020,Cashews,Roasted,130,Roasted Cashews 130g,5.62,3.385,39.77,135,1.733,77.9,"halal,high_fiber,high_protein",contains_tree_nuts,True
CAS-135G-HONEY-024,Cashews,Honey,135,Honey Cashews 135g,5.51,2.999,45.57,224,1.967,113.9,"halal,high_protein,low_salt",contains_tree_nuts,True
CAS-135G-NATURAL-BAKED-029,Cashews,Natural Baked,135,Natural Baked Cashews 135g,5.25,3.274,37.64,231,2.156,107.2,"halal,keto_friendly,no_added_sugar",contains_tree_nuts,True
CAS-135G-ROASTED-021,Cashews,Roasted,135,Roasted Cashews 135g,5.25,3.064,41.64,133,1.7,78.2,"gluten_free,halal,high_fiber",contains_tree_nuts,True
CAS-150G-HONEY-025,Cashews,Honey,150,Honey Cashews 150g,5.51,3.319,39.76,185,2.011,92.0,"halal,high_fiber,high_protein,keto_friendly,low_salt",contains_tree_nuts,True
CAS-150G-NATURAL-BAKED-030,Cashews,Natural Baked,150,Natural Baked Cashews 150g,5.25,3.022,42.44,201,1.844,109.0,halal,contains_tree_nuts,True
CAS-300G-NATURAL-BAKED-031,Cashews,Natural Baked,300,Natural Baked Cashews 300g,3.1,1.663,46.35,88,1.922,45.8,"halal,keto_friendly",contains_tree_nuts,True
CAS-360G-HONEY-026,Cashews,Honey,360,Honey Cashews 360g,13.4,7.625,43.1,223,2.167,102.9,"gluten_free,halal,high_fiber,high_protein,low_salt",contains_tree_nuts,True
CAS-400G-HONEY-027,Cashews,Honey,400,Honey Cashews 400g,13.4,8.142,39.24,116,2.267,51.2,"halal,keto_friendly,low_salt,vegan",contains_tree_nuts,True
CAS-400G-NATURAL-BAKED-032,Cashews,Natural Baked,400,Natural Baked Cashews 400g,12.76,7.161,43.88,133,2.411,55.2,"halal,high_protein,low_salt",contains_tree_nuts,True
CAS-400G-ROASTED-022,Cashews,Roasted,400,Roasted Cashews 400g,12.76,7.409,41.94,104,2.033,51.1,"gluten_free,halal,keto_friendly,vegan",contains_tree_nuts,True
CAS-80G-HONEY-023,Cashews,Honey,80,Honey Cashews 80g,3.09,1.76,43.04,101,1.978,51.1,"halal,low_salt",contains_tree_nuts,True
CAS-80G-ROASTED-018,Cashews,Roasted,80,Roasted Cashews 80g,2.94,1.731,41.12,201,2.011,99.9,"gluten_free,halal,high_fiber,keto_friendly,no_added_sugar",contains_tree_nuts,True
MAC-120G-HONEY-095,Macadamia,Honey,120,Honey Macadamia 120g,2.48,1.349,45.6,65,0.789,82.4,"halal,high_protein,no_added_sugar",contains_tree_nuts,True
MAC-130G-NATURAL-BAKED-088,Macadamia,Natural Baked,130,Natural Baked Macadamia 130g,9.36,5.147,45.01,97,0.922,105.2,"gluten_free,halal,high_protein,keto_friendly",contains_tree_nuts,True
MAC-135G-HONEY-096,Macadamia,Honey,135,Honey Macadamia 135g,9.19,4.931,46.34,42,0.978,43.0,"halal,low_salt,vegan",contains_tree_nuts,True
MAC-135G-NATURAL-BAKED-089,Macadamia,Natural Baked,135,Natural Baked Macadamia 135g,8.75,4.922,43.75,81,0.867,93.5,"halal,high_fiber,high_protein,low_salt,no_added_sugar",contains_tree_nuts,True
MAC-150G-HONEY-097,Macadamia,Honey,150,Honey Macadamia 150g,9.19,4.596,49.99,46,0.8,57.5,"gluten_free,halal,keto_friendly,no_added_sugar",contains_tree_nuts,True
MAC-150G-NATURAL-BAKED-090,Macadamia,Natural Baked,150,Natural Baked Macadamia 150g,8.75,5.001,42.85,33,0.567,58.2,"halal,low_salt,vegan",contains_tree_nuts,True
MAC-300G-NATURAL-BAKED-091,Macadamia,Natural Baked,300,Natural Baked Macadamia 300g,5.16,2.902,43.76,81,0.978,82.8,"halal,low_salt,vegan",contains_tree_nuts,True
MAC-360G-HONEY-098,Macadamia,Honey,360,Honey Macadamia 360g,22.33,11.714,47.54,109,1.089,100.1,"halal,high_protein",contains_tree_nuts,True
MAC-360G-NATURAL-BAKED-092,Macadamia,Natural Baked,360,Natural Baked Macadamia 360g,21.26,10.507,50.58,84,0.856,98.2,"halal,vegan",contains_tree_nuts,True
MAC-400G-HONEY-099,Macadamia,Honey,400,Honey Macadamia 400g,22.33,11.132,50.15,77,0.811,94.9,"halal,high_fiber,keto_friendly",contains_tree_nuts,True
MAC-400G-NATURAL-BAKED-093,Macadamia,Natural Baked,400,Natural Baked Macadamia 400g,21.26,11.765,44.66,91,1.022,89.0,halal,contains_tree_nuts,True
MAC-80G-HONEY-094,Macadamia,Honey,80,Honey Macadamia 80g,5.14,3.084,40.0,77,0.833,92.4,"halal,high_fiber,keto_friendly",contains_tree_nuts,True
MIX-120G-COCKTAIL-MIX-074,Mixed Nuts,Cocktail Mix,120,Cocktail Mix Mixed Nuts 120g,1.44,0.768,46.67,82,0.933,87.9,"halal,no_added_sugar,vegan",contains_tree_nuts,True
MIX-120G-FANCY-MIX-069,Mixed Nuts,Fancy Mix,120,Fancy Mix Mixed Nuts 120g,1.44,0.748,48.06,61,1.1,55.5,"gluten_free,halal,high_fiber,low_salt,no_added_sugar",contains_tree_nuts,True
MIX-130G-COCKTAIL-MIX-075,Mixed Nuts,Cocktail Mix,130,Cocktail Mix Mixed Nuts 130g,5.72,3.497,38.86,61,0.922,66.1,"halal,keto_friendly",contains_tree_nuts,True
MIX-130G-FANCY-MIX-070,Mixed Nuts,Fancy Mix,130,Fancy Mix Mixed Nuts 130g,5.72,3.455,39.6,105,1.167,90.0,"gluten_free,halal,low_salt",contains_tree_nuts,True
MIX-130G-FRUITS---NUTTY-084,Mixed Nuts,Fruits & Nutty,130,Fruits & Nutty Mixed Nuts 130g,5.72,3.182,44.37,32,0.933,34.3,"halal,high_fiber",contains_tree_nuts,True
MIX-135G-COCKTAIL-MIX-076,Mixed Nuts,Cocktail Mix,135,Cocktail Mix Mixed Nuts 135g,5.35,2.894,45.91,50,0.911,54.9,"halal,low_salt",contains_tree_nuts,True
MIX-135G-FRUITS---NUTTY-085,Mixed Nuts,Fruits & Nutty,135,Fruits & Nutty Mixed Nuts 135g,5.35,3.093,42.19,25,0.922,27.1,"halal,no_added_sugar",contains_tree_nuts,True
MIX-135G-RUBY-MIX-080,Mixed Nuts,Ruby Mix,135,Ruby Mix Mixed Nuts 135g,5.35,3.087,42.3,51,0.567,90.0,"halal,high_protein,keto_friendly,low_salt,vegan",contains_tree_nuts,True
MIX-150G-FANCY-MIX-071,Mixed Nuts,Fancy Mix,150,Fancy Mix Mixed Nuts 150g,5.35,3.065,42.71,25,0.7,35.7,"halal,keto_friendly",contains_tree_nuts,True
MIX-300G-COCKTAIL-MIX-077,Mixed Nuts,Cocktail Mix,300,Cocktail Mix Mixed Nuts 300g,3.16,1.748,44.68,76,1.033,73.5,"halal,low_salt,no_added_sugar",contains_tree_nuts,True
MIX-300G-RUBY-MIX-081,Mixed Nuts,Ruby Mix,300,Ruby Mix Mixed Nuts 300g,3.16,1.86,41.14,105,1.044,100.5,halal,contains_tree_nuts,True
MIX-360G-FANCY-MIX-072,Mixed Nuts,Fancy Mix,360,Fancy Mix Mixed Nuts 360g,13.0,7.035,45.88,81,0.956,84.8,halal,contains_tree_nuts,True
MIX-360G-FRUITS---NUTTY-086,Mixed Nuts,Fruits & Nutty,360,Fruits & Nutty Mixed Nuts 360g,13.0,7.382,43.22,113,1.089,103.8,"halal,high_fiber,low_salt",contains_tree_nuts,True
MIX-36G-FRUITS---NUTTY-082,Mixed Nuts,Fruits & Nutty,36,Fruits & Nutty Mixed Nuts 36g,1.71,1.016,40.58,38,0.933,40.7,"halal,high_fiber",contains_tree_nuts,True
MIX-400G-COCKTAIL-MIX-078,Mixed Nuts,Cocktail Mix,400,Cocktail Mix Mixed Nuts 400g,13.0,7.715,40.65,77,0.922,83.5,"halal,high_protein,vegan",contains_tree_nuts,True
MIX-400G-FANCY-MIX-073,Mixed Nuts,Fancy Mix,400,Fancy Mix Mixed Nuts 400g,13.0,7.437,42.79,90,1.222,73.6,"halal,keto_friendly",contains_tree_nuts,True
MIX-400G-FRUITS---NUTTY-087,Mixed Nuts,Fruits & Nutty,400,Fruits & Nutty Mixed Nuts 400g,13.0,7.279,44.01,29,0.8,36.2,halal,contains_tree_nuts,True
MIX-80G-FANCY-MIX-068,Mixed Nuts,Fancy Mix,80,Fancy Mix Mixed Nuts 80g,3.0,1.606,46.47,58,0.689,84.2,halal,contains_tree_nuts,True
MIX-80G-FRUITS---NUTTY-083,Mixed Nuts,Fruits & Nutty,80,Fruits & Nutty Mixed Nuts 80g,3.0,1.737,42.1,60,0.811,74.0,"halal,high_fiber,keto_friendly,low_salt",contains_tree_nuts,True
MIX-80G-RUBY-MIX-079,Mixed Nuts,Ruby Mix,80,Ruby Mix Mixed Nuts 80g,3.0,1.666,44.47,102,1.156,88.3,"gluten_free,halal",contains_tree_nuts,True
PEA-120G-CRACKER-061,Peanuts,Cracker,120,Cracker Peanuts 120g,0.54,0.342,36.67,86,0.967,89.0,"halal,low_salt,vegan",contains_peanut,True
PEA-120G-ROASTED-047,Peanuts,Roasted,120,Roasted Peanuts 120g,0.54,0.359,33.52,51,0.978,52.2,"halal,high_fiber",contains_peanut,True
PEA-120G-SUGAR-053,Peanuts,Sugar,120,Sugar Peanuts 120g,0.54,0.346,35.93,93,0.944,98.5,"halal,high_protein,low_salt",contains_peanut,True
PEA-130G-IKAN-BILIS-067,Peanuts,Ikan Bilis,130,Ikan Bilis Peanuts 130g,2.14,1.433,33.04,76,0.944,80.5,halal,contains_peanut,True
PEA-130G-ROASTED-048,Peanuts,Roasted,130,Roasted Peanuts 130g,2.14,1.476,31.03,104,1.267,82.1,halal,contains_peanut,True
PEA-130G-SUGAR-054,Peanuts,Sugar,130,Sugar Peanuts 130g,2.14,1.45,32.24,85,0.767,110.9,halal,contains_peanut,True
PEA-135G-CRACKER-062,Peanuts,Cracker,135,Cracker Peanuts 135g,2.0,1.242,37.9,28,0.656,42.7,"halal,high_fiber,low_salt",contains_peanut,True
PEA-135G-SUGAR-055,Peanuts,Sugar,135,Sugar Peanuts 135g,2.0,1.271,36.45,66,0.911,72.4,"gluten_free,halal",contains_peanut,True
PEA-150G-ROASTED-049,Peanuts,Roasted,150,Roasted Peanuts 150g,2.0,1.286,35.7,98,1.078,90.9,"halal,keto_friendly,low_salt",contains_peanut,True
PEA-150G-SUGAR-056,Peanuts,Sugar,150,Sugar Peanuts 150g,2.0,1.254,37.3,93,1.033,90.0,"gluten_free,halal,high_protein",contains_peanut,True
PEA-300G-CRACKER-063,Peanuts,Cracker,300,Cracker Peanuts 300g,1.18,0.762,35.42,56,0.944,59.3,"gluten_free,halal,high_fiber,keto_friendly",contains_peanut,True
PEA-300G-ROASTED-050,Peanuts,Roasted,300,Roasted Peanuts 300g,1.18,0.787,33.31,78,1.133,68.8,"gluten_free,halal,high_fiber,keto_friendly",contains_peanut,True
PEA-300G-SUGAR-057,Peanuts,Sugar,300,Sugar Peanuts 300g,1.18,0.818,30.68,110,1.022,107.6,"halal,high_fiber,high_protein,no_added_sugar",contains_peanut,True
PEA-360G-ROASTED-051,Peanuts,Roasted,360,Roasted Peanuts 360g,4.86,3.035,37.55,117,1.178,99.3,"halal,high_protein,keto_friendly,low_salt,no_added_sugar,vegan",contains_peanut,True
PEA-360G-SUGAR-058,Peanuts,Sugar,360,Sugar Peanuts 360g,4.86,3.166,34.86,51,0.989,51.6,"gluten_free,halal,keto_friendly,no_added_sugar",contains_peanut,True
PEA-36G-IKAN-BILIS-065,Peanuts,Ikan Bilis,36,Ikan Bilis Peanuts 36g,0.64,0.446,30.31,81,0.733,110.5,halal,contains_peanut,True
PEA-36G-ROASTED-045,Peanuts,Roasted,36,Roasted Peanuts 36g,0.64,0.44,31.25,59,1.1,53.6,"gluten_free,halal,no_added_sugar",contains_peanut,True
PEA-36G-SUGAR-052,Peanuts,Sugar,36,Sugar Peanuts 36g,0.64,0.415,35.16,112,0.956,117.2,"gluten_free,halal,high_fiber,no_added_sugar",contains_peanut,True
PEA-400G-CRACKER-064,Peanuts,Cracker,400,Cracker Peanuts 400g,4.86,3.08,36.63,139,1.178,118.0,"halal,keto_friendly,no_added_sugar",contains_peanut,True
PEA-400G-SUGAR-059,Peanuts,Sugar,400,Sugar Peanuts 400g,4.86,3.164,34.9,114,1.167,97.7,"halal,low_salt,no_added_sugar",contains_peanut,True
PEA-80G-CRACKER-060,Peanuts,Cracker,80,Cracker Peanuts 80g,1.12,0.761,32.05,104,0.978,106.4,"halal,high_fiber,high_protein,keto_friendly,low_salt,no_added_sugar",contains_peanut,True
PEA-80G-IKAN-BILIS-066,Peanuts,Ikan Bilis,80,Ikan Bilis Peanuts 80g,1.12,0.692,38.21,115,1.011,113.7,"halal,high_fiber,keto_friendly,low_salt,no_added_sugar",contains_peanut,True
PEA-80G-ROASTED-046,Peanuts,Roasted,80,Roasted Peanuts 80g,1.12,0.716,36.07,46,1.044,44.0,"gluten_free,halal,low_salt",contains_peanut,True
PIS-120G-BAKED-034,Pistachios,Baked,120,Baked Pistachios 120g,1.49,0.856,42.55,66,1.478,44.7,"gluten_free,halal,high_fiber,keto_friendly,low_salt",contains_tree_nuts,True
PIS-130G-BAKED-035,Pistachios,Baked,130,Baked Pistachios 130g,5.88,3.226,45.14,80,0.978,81.8,"halal,high_fiber,high_protein,no_added_sugar",contains_tree_nuts,True
PIS-135G-SALTED-040,Pistachios,Salted,135,Salted Pistachios 135g,5.5,3.05,44.55,144,1.422,101.2,"halal,high_fiber,no_added_sugar",contains_tree_nuts,True
PIS-150G-SALTED-041,Pistachios,Salted,150,Salted Pistachios 150g,5.5,3.157,42.6,98,1.222,80.2,"halal,high_protein",contains_tree_nuts,True
PIS-300G-BAKED-036,Pistachios,Baked,300,Baked Pistachios 300g,3.25,2.029,37.57,95,1.7,55.9,halal,contains_tree_nuts,True
PIS-300G-SALTED-042,Pistachios,Salted,300,Salted Pistachios 300g,3.25,1.805,44.46,64,1.122,57.0,halal,contains_tree_nuts,True
PIS-360G-BAKED-037,Pistachios,Baked,360,Baked Pistachios 360g,13.37,7.65,42.78,60,1.2,50.0,"halal,high_fiber,low_salt",contains_tree_nuts,True
PIS-360G-SALTED-043,Pistachios,Salted,360,Salted Pistachios 360g,13.37,7.215,46.04,61,1.178,51.8,"halal,keto_friendly",contains_tree_nuts,True
PIS-36G-SALTED-038,Pistachios,Salted,36,Salted Pistachios 36g,1.76,0.993,43.58,41,1.311,31.3,"halal,high_fiber",contains_tree_nuts,True
PIS-400G-SALTED-044,Pistachios,Salted,400,Salted Pistachios 400g,13.37,7.883,41.04,87,1.1,79.1,"halal,high_protein,low_salt,vegan",contains_tree_nuts,True
PIS-80G-BAKED-033,Pistachios,Baked,80,Baked Pistachios 80g,3.08,1.679,45.49,53,1.089,48.7,"halal,keto_friendly,no_added_sugar",contains_tree_nuts,True
PIS-80G-SALTED-039,Pistachios,Salted,80,Salted Pistachios 80g,3.08,1.67,45.78,46,1.156,39.8,"gluten_free,halal,high_protein,low_salt",contains_tree_nuts,True
SNA-120G-COATED-GREEN-PEAS-107,Snacks,Coated Green Peas,120,Coated Green Peas Snacks 120g,0.81,0.449,44.57,45,0.478,94.2,"halal,high_protein,low_salt",contains_gluten,True
SNA-120G-MIXED-SNACKS-120,Snacks,Mixed Snacks,120,Mixed Snacks Snacks 120g,0.81,0.433,46.54,46,0.433,106.2,"halal,high_fiber,keto_friendly",,True
SNA-120G-SATAY-BROAD-BEANS-114,Snacks,Satay Broad Beans,120,Satay Broad Beans Snacks 120g,0.81,0.388,52.1,28,0.322,86.9,"gluten_free,halal,high_fiber,keto_friendly",,True
SNA-130G-COATED-GREEN-PEAS-108,Snacks,Coated Green Peas,130,Coated Green Peas Snacks 130g,3.21,1.682,47.6,25,0.333,75.0,"halal,high_fiber",contains_gluten,True
SNA-130G-SATAY-BROAD-BEANS-115,Snacks,Satay Broad Beans,130,Satay Broad Beans Snacks 130g,3.21,1.627,49.31,47,0.411,114.3,"gluten_free,halal",,True
SNA-135G-MIXED-SNACKS-121,Snacks,Mixed Snacks,135,Mixed Snacks Snacks 135g,3.0,1.539,48.7,53,0.589,90.0,"gluten_free,halal,keto_friendly",,True
SNA-150G-COATED-GREEN-PEAS-109,Snacks,Coated Green Peas,150,Coated Green Peas Snacks 150g,3.0,1.627,45.77,25,0.256,97.8,"gluten_free,halal,high_protein",contains_gluten,True
SNA-150G-MIXED-SNACKS-122,Snacks,Mixed Snacks,150,Mixed Snacks Snacks 150g,3.0,1.574,47.53,29,0.244,118.6,"gluten_free,halal,high_protein",,True
SNA-150G-SATAY-BROAD-BEANS-116,Snacks,Satay Broad Beans,150,Satay Broad Beans Snacks 150g,3.0,1.489,50.37,36,0.311,115.7,"halal,low_salt",,True
SNA-300G-COATED-GREEN-PEAS-110,Snacks,Coated Green Peas,300,Coated Green Peas Snacks 300g,1.77,0.917,48.19,25,0.256,97.8,"halal,low_salt",contains_gluten,True
SNA-300G-MIXED-SNACKS-123,Snacks,Mixed Snacks,300,Mixed Snacks Snacks 300g,1.77,0.881,50.23,48,0.411,116.8,"halal,low_salt",,True
SNA-300G-SATAY-BROAD-BEANS-117,Snacks,Satay Broad Beans,300,Satay Broad Beans Snacks 300g,1.77,0.906,48.81,29,0.478,60.7,"halal,vegan",,True
SNA-36G-COATED-GREEN-PEAS-106,Snacks,Coated Green Peas,36,Coated Green Peas Snacks 36g,0.96,0.488,49.17,56,0.567,98.8,"halal,vegan",contains_gluten,True
SNA-36G-MIXED-SNACKS-119,Snacks,Mixed Snacks,36,Mixed Snacks Snacks 36g,0.96,0.5,47.92,40,0.522,76.6,halal,,True
SNA-36G-SATAY-BROAD-BEANS-112,Snacks,Satay Broad Beans,36,Satay Broad Beans Snacks 36g,0.96,0.448,53.33,25,0.356,70.3,"halal,high_fiber,low_salt",,True
SNA-400G-COATED-GREEN-PEAS-111,Snacks,Coated Green Peas,400,Coated Green Peas Snacks 400g,7.29,3.763,48.38,40,0.389,102.9,"halal,low_salt,no_added_sugar,vegan",contains_gluten,True
SNA-400G-MIXED-SNACKS-124,Snacks,Mixed Snacks,400,Mixed Snacks Snacks 400g,7.29,3.926,46.15,31,0.389,79.7,"gluten_free,halal,vegan",,True
SNA-400G-SATAY-BROAD-BEANS-118,Snacks,Satay Broad Beans,400,Satay Broad Beans Snacks 400g,7.29,3.687,49.42,50,0.511,97.8,halal,,True
SNA-80G-SATAY-BROAD-BEANS-113,Snacks,Satay Broad Beans,80,Satay Broad Beans Snacks 80g,1.68,0.842,49.88,50,0.522,95.7,"halal,high_protein,vegan",,True
WAL-120G-NATURAL-BAKED-100,Walnuts,Natural Baked,120,Natural Baked Walnuts 120g,1.35,0.895,33.7,68,0.922,73.7,"gluten_free,halal",contains_tree_nuts,True
WAL-130G-NATURAL-BAKED-101,Walnuts,Natural Baked,130,Natural Baked Walnuts 130g,5.35,3.096,42.13,86,1.1,78.2,"halal,high_fiber",contains_tree_nuts,True
WAL-135G-NATURAL-BAKED-102,Walnuts,Natural Baked,135,Natural Baked Walnuts 135g,5.0,3.004,39.92,84,1.078,77.9,"gluten_free,halal,high_fiber,keto_friendly,no_added_sugar",contains_tree_nuts,True
WAL-300G-NATURAL-BAKED-103,Walnuts,Natural Baked,300,Natural Baked Walnuts 300g,2.95,1.826,38.1,58,0.811,71.5,"halal,high_fiber,low_salt",contains_tree_nuts,True
WAL-360G-NATURAL-BAKED-104,Walnuts,Natural Baked,360,Natural Baked Walnuts 360g,12.15,7.14,41.23,91,1.022,89.0,halal,contains_tree_nuts,True
WAL-400G-NATURAL-BAKED-105,Walnuts,Natural Baked,400,Natural Baked Walnuts 400g,12.15,7.263,40.22,78,1.056,73.9,"halal,keto_friendly,no_added_sugar,vegan",contains_tree_nuts,True
