event_id,campaign_id,platform,start_date,end_date,impressions,clicks,ctr_pct,sessions,estimated_spend_sgd,conversions,cost_per_click_sgd,cost_per_conversion_sgd
EVT00001,CAM0001,Google,2019-01-17,2019-02-05,1981934,24509,1.24,40640,2601.89,2311,0.106,1.13
EVT00001,CAM0001,Email,2019-01-17,2019-02-05,1600514,24312,1.52,38166,3073.99,786,0.126,3.91
EVT00001,CAM0001,TikTok,2019-01-17,2019-02-05,1791976,21694,1.21,37162,2606.21,1311,0.12,1.99
EVT00002,CAM0001,TikTok,2019-01-19,2019-02-04,435718,6884,1.58,10808,84.31,524,0.012,0.16
EVT00002,CAM0001,Lazada Ads,2019-01-19,2019-02-04,444704,5519,1.24,6907,1281.5,220,0.232,5.83
EVT00002,CAM0001,Shopee Ads,2019-01-19,2019-02-04,1302032,22715,1.74,29859,2231.41,1632,0.098,1.37
EVT00003,CAM0002,TikTok,2019-04-16,2019-04-27,1595450,18962,1.19,25879,720.8,1496,0.038,0.48
EVT00003,CAM0002,Shopee Ads,2019-04-16,2019-04-27,745502,10809,1.45,15268,130.84,591,0.012,0.22
EVT00003,CAM0002,Meta,2019-04-16,2019-04-27,1838674,28016,1.52,48974,2006.57,1379,0.072,1.46
EVT00003,CAM0002,Lazada Ads,2019-04-16,2019-04-27,993535,15621,1.57,24938,437.11,1047,0.028,0.42
EVT00004,CAM0002,Google,2019-04-13,2019-04-27,1066031,16453,1.54,21468,419.91,803,0.026,0.52
EVT00004,CAM0002,TikTok,2019-04-13,2019-04-27,1588250,25956,1.63,31746,595.16,1144,0.023,0.52
EVT00004,CAM0002,Shopee Ads,2019-04-13,2019-04-27,1784120,26644,1.49,47004,1218.09,2314,0.046,0.53
EVT00005,CAM0003,Email,2019-08-12,2019-08-21,1568221,20147,1.28,24226,722.32,844,0.036,0.86
EVT00005,CAM0003,Meta,2019-08-12,2019-08-21,1095620,17712,1.62,24206,190.0,1161,0.011,0.16
EVT00006,CAM0003,Shopee Ads,2019-08-13,2019-08-24,643326,9682,1.5,12525,3102.4,519,0.32,5.98
EVT00006,CAM0003,Email,2019-08-13,2019-08-24,680384,9530,1.4,13765,2546.78,560,0.267,4.55
EVT00006,CAM0003,Google,2019-08-13,2019-08-24,1674654,25740,1.54,43423,1223.17,2332,0.048,0.52
EVT00007,CAM0004,Google,2019-07-14,2019-07-22,650520,11651,1.79,19657,1312.97,803,0.113,1.64
EVT00007,CAM0004,Meta,2019-07-14,2019-07-22,1130397,13055,1.15,17788,996.48,688,0.076,1.45
EVT00007,CAM0004,Lazada Ads,2019-07-14,2019-07-22,265850,4010,1.51,6482,859.13,276,0.214,3.11
EVT00007,CAM0004,TikTok,2019-07-14,2019-07-22,1697470,20211,1.19,28939,1138.24,1663,0.056,0.68
EVT00008,CAM0004,Email,2019-07-14,2019-07-24,1738782,26760,1.54,44353,532.18,2252,0.02,0.24
EVT00008,CAM0004,Shopee Ads,2019-07-14,2019-07-24,1529753,19997,1.31,35473,520.6,2027,0.026,0.26
EVT00008,CAM0004,TikTok,2019-07-14,2019-07-24,492910,8805,1.79,15272,621.51,332,0.071,1.87
EVT00008,CAM0004,Meta,2019-07-14,2019-07-24,691401,7958,1.15,11610,1567.8,375,0.197,4.18
EVT00009,CAM0005,Google,2019-09-15,2019-09-21,876752,9724,1.11,16596,102.76,608,0.011,0.17
EVT00009,CAM0005,Email,2019-09-15,2019-09-21,1400065,23376,1.67,30651,464.41,1435,0.02,0.32
EVT00009,CAM0005,Shopee Ads,2019-09-15,2019-09-21,232897,2846,1.22,3857,928.42,193,0.326,4.81
EVT00010,CAM0005,TikTok,2019-09-13,2019-09-26,875742,12301,1.4,21430,257.54,1076,0.021,0.24
EVT00010,CAM0005,Email,2019-09-13,2019-09-26,779763,10882,1.4,18003,274.78,996,0.025,0.28
EVT00010,CAM0005,Lazada Ads,2019-09-13,2019-09-26,1289787,23166,1.8,31322,427.74,1194,0.018,0.36
EVT00010,CAM0005,Shopee Ads,2019-09-13,2019-09-26,1048969,17799,1.7,23036,69.23,650,0.004,0.11
EVT00011,CAM0006,Meta,2019-11-05,2019-11-12,209124,3170,1.52,5066,1529.67,186,0.483,8.22
EVT00011,CAM0006,Google,2019-11-05,2019-11-12,1547038,19016,1.23,28346,664.84,975,0.035,0.68
EVT00011,CAM0006,Lazada Ads,2019-11-05,2019-11-12,1923972,30222,1.57,53501,881.54,2876,0.029,0.31
EVT00011,CAM0006,TikTok,2019-11-05,2019-11-12,1568255,21421,1.37,30707,1574.56,1199,0.074,1.31
EVT00012,CAM0006,TikTok,2019-11-02,2019-11-08,1909384,23143,1.21,37700,2792.76,1272,0.121,2.2
EVT00012,CAM0006,Lazada Ads,2019-11-02,2019-11-08,1548423,19035,1.23,30552,3510.15,1768,0.184,1.99
EVT00012,CAM0006,Shopee Ads,2019-11-02,2019-11-08,855827,13711,1.6,18295,1801.24,812,0.131,2.22
EVT00013,CAM0006,Shopee Ads,2019-11-07,2019-11-15,1226364,13832,1.13,18180,4659.36,767,0.337,6.07
EVT00013,CAM0006,Meta,2019-11-07,2019-11-15,888753,14147,1.59,24906,2622.33,1212,0.185,2.16
EVT00014,CAM0007,Lazada Ads,2019-12-17,2019-12-31,1017103,11335,1.11,16968,1715.84,900,0.151,1.91
EVT00014,CAM0007,Shopee Ads,2019-12-17,2019-12-31,248651,3735,1.5,5577,1316.28,225,0.352,5.85
EVT00014,CAM0007,TikTok,2019-12-17,2019-12-31,80877,1024,1.27,1473,1111.8,49,1.086,22.69
EVT00014,CAM0007,Meta,2019-12-17,2019-12-31,1108130,13525,1.22,22378,1323.3,1225,0.098,1.08
EVT00015,CAM0007,TikTok,2019-12-14,2019-12-27,1965045,30391,1.55,46726,1538.62,1966,0.051,0.78
EVT00015,CAM0007,Shopee Ads,2019-12-14,2019-12-27,335323,4648,1.39,8142,1594.54,452,0.343,3.53
EVT00016,CAM0007,Google,2019-12-15,2020-01-04,1645392,28351,1.72,43272,742.81,1399,0.026,0.53
EVT00016,CAM0007,Meta,2019-12-15,2020-01-04,1442273,17769,1.23,23892,1276.31,1304,0.072,0.98
EVT00016,CAM0007,Shopee Ads,2019-12-15,2020-01-04,80902,1460,1.8,1999,1279.33,82,0.876,15.6
EVT00016,CAM0007,TikTok,2019-12-15,2020-01-04,836632,11852,1.42,18909,4464.22,1089,0.377,4.1
EVT00017,CAM0008,Shopee Ads,2020-01-15,2020-01-31,1070233,14976,1.4,25542,391.04,1443,0.026,0.27
EVT00017,CAM0008,Email,2020-01-15,2020-01-31,1711764,25443,1.49,36861,333.22,1383,0.013,0.24
EVT00017,CAM0008,Lazada Ads,2020-01-15,2020-01-31,581549,10096,1.74,12844,245.43,717,0.024,0.34
EVT00017,CAM0008,Google,2020-01-15,2020-01-31,1540691,26422,1.71,35929,90.0,1021,0.003,0.09
EVT00018,CAM0008,TikTok,2020-01-15,2020-02-01,850949,13585,1.6,20328,444.42,1211,0.033,0.37
EVT00018,CAM0008,Email,2020-01-15,2020-02-01,1188632,20248,1.7,32996,108.39,927,0.005,0.12
EVT00018,CAM0008,Meta,2020-01-15,2020-02-01,1848424,30966,1.68,44361,194.58,1017,0.006,0.19
EVT00018,CAM0008,Google,2020-01-15,2020-02-01,566365,9793,1.73,13777,381.75,317,0.039,1.2
EVT00019,CAM0009,Shopee Ads,2020-04-18,2020-05-05,891954,11553,1.3,15461,730.83,883,0.063,0.83
EVT00019,CAM0009,Google,2020-04-18,2020-05-05,704917,11972,1.7,17847,70.69,899,0.006,0.08
EVT00019,CAM0009,TikTok,2020-04-18,2020-05-05,1886318,33108,1.76,54886,279.19,1701,0.008,0.16
EVT00019,CAM0009,Lazada Ads,2020-04-18,2020-05-05,1544702,21480,1.39,34798,144.37,1269,0.007,0.11
EVT00020,CAM0009,Email,2020-04-16,2020-04-28,1625820,28814,1.77,40671,1937.47,814,0.067,2.38
EVT00020,CAM0009,Meta,2020-04-16,2020-04-28,471318,6124,1.3,8291,812.18,214,0.133,3.8
EVT00020,CAM0009,Lazada Ads,2020-04-16,2020-04-28,1398380,19195,1.37,23076,1404.46,1214,0.073,1.16
EVT00020,CAM0009,Shopee Ads,2020-04-16,2020-04-28,1119105,18846,1.68,23876,1038.83,1290,0.055,0.81
EVT00021,CAM0009,Email,2020-04-18,2020-05-04,1473655,20998,1.42,29291,2271.92,1120,0.108,2.03
EVT00021,CAM0009,Shopee Ads,2020-04-18,2020-05-04,596467,10508,1.76,14296,648.47,483,0.062,1.34
EVT00021,CAM0009,Google,2020-04-18,2020-05-04,1778088,29121,1.64,45287,1281.33,1958,0.044,0.65
EVT00022,CAM0009,Meta,2020-04-19,2020-05-03,1819878,33582,1.85,55332,4756.92,3103,0.142,1.53
EVT00022,CAM0009,TikTok,2020-04-19,2020-05-03,535358,9504,1.78,12513,4188.79,456,0.441,9.19
EVT00022,CAM0009,Email,2020-04-19,2020-05-03,68105,1142,1.68,1863,353.74,93,0.31,3.8
EVT00023,CAM0010,TikTok,2020-08-18,2020-08-28,171122,1989,1.16,2547,648.02,91,0.326,7.12
EVT00023,CAM0010,Google,2020-08-18,2020-08-28,1177820,15427,1.31,25023,2999.61,1181,0.194,2.54
EVT00023,CAM0010,Shopee Ads,2020-08-18,2020-08-28,1581677,27044,1.71,38328,1459.17,2217,0.054,0.66
EVT00023,CAM0010,Lazada Ads,2020-08-18,2020-08-28,998414,11610,1.16,17672,1357.24,794,0.117,1.71
EVT00024,CAM0010,Lazada Ads,2020-08-17,2020-08-27,1921244,22315,1.16,29744,2852.78,1014,0.128,2.81
EVT00024,CAM0010,Google,2020-08-17,2020-08-27,1524353,24778,1.63,31701,423.33,1743,0.017,0.24
EVT00024,CAM0010,Email,2020-08-17,2020-08-27,311945,4576,1.47,6135,3839.28,272,0.839,14.12
EVT00025,CAM0010,Email,2020-08-15,2020-08-25,208791,3405,1.63,5291,2324.2,250,0.683,9.3
EVT00025,CAM0010,Google,2020-08-15,2020-08-25,669568,9119,1.36,11005,1620.18,645,0.178,2.51
EVT00025,CAM0010,Lazada Ads,2020-08-15,2020-08-25,861067,10785,1.25,19403,983.81,640,0.091,1.54
EVT00026,CAM0011,Meta,2020-07-14,2020-07-20,1213504,21119,1.74,27108,3617.43,719,0.171,5.03
EVT00026,CAM0011,Google,2020-07-14,2020-07-20,1044084,11603,1.11,19743,897.94,1026,0.077,0.88
EVT00026,CAM0011,Email,2020-07-14,2020-07-20,949710,13122,1.38,16244,2530.83,421,0.193,6.01
EVT00027,CAM0011,Lazada Ads,2020-07-10,2020-07-16,256420,4197,1.64,6403,444.25,183,0.106,2.43
EVT00027,CAM0011,Shopee Ads,2020-07-10,2020-07-16,1210504,19703,1.63,24677,382.92,676,0.019,0.57
EVT00027,CAM0011,Google,2020-07-10,2020-07-16,246125,3246,1.32,5477,262.8,302,0.081,0.87
EVT00027,CAM0011,TikTok,2020-07-10,2020-07-16,160875,2012,1.25,3250,651.06,102,0.324,6.38
EVT00028,CAM0012,Meta,2020-09-19,2020-09-27,456583,6696,1.47,11930,167.86,335,0.025,0.5
EVT00028,CAM0012,Email,2020-09-19,2020-09-27,147634,1950,1.32,3377,2026.4,149,1.039,13.6
EVT00028,CAM0012,TikTok,2020-09-19,2020-09-27,1916866,29729,1.55,46492,2349.57,1999,0.079,1.18
EVT00029,CAM0012,Shopee Ads,2020-09-18,2020-09-30,385002,6938,1.8,12210,1922.99,265,0.277,7.26
EVT00029,CAM0012,Meta,2020-09-18,2020-09-30,67174,1189,1.77,1635,3103.12,83,2.61,37.39
EVT00030,CAM0013,Email,2020-11-11,2020-11-22,1912618,23499,1.23,28474,614.75,1466,0.026,0.42
EVT00030,CAM0013,Google,2020-11-11,2020-11-22,1627192,19104,1.17,23846,381.73,672,0.02,0.57
EVT00030,CAM0013,TikTok,2020-11-11,2020-11-22,776555,13650,1.76,22051,288.25,1119,0.021,0.26
EVT00031,CAM0013,TikTok,2020-11-12,2020-11-17,1476623,17244,1.17,23304,1463.32,895,0.085,1.63
EVT00031,CAM0013,Shopee Ads,2020-11-12,2020-11-17,749037,12496,1.67,21854,1266.69,654,0.101,1.94
EVT00031,CAM0013,Email,2020-11-12,2020-11-17,1288512,19229,1.49,34456,1153.33,738,0.06,1.56
EVT00031,CAM0013,Meta,2020-11-12,2020-11-17,946985,14428,1.52,25623,739.79,831,0.051,0.89
EVT00032,CAM0013,TikTok,2020-11-09,2020-11-17,964469,17316,1.8,25461,2573.93,1475,0.149,1.75
EVT00032,CAM0013,Shopee Ads,2020-11-09,2020-11-17,1207482,15137,1.25,25021,5158.39,1392,0.341,3.71
EVT00033,CAM0013,Shopee Ads,2020-11-09,2020-11-16,1971204,33951,1.72,56542,3618.75,2173,0.107,1.67
EVT00033,CAM0013,Google,2020-11-09,2020-11-16,1788654,28516,1.59,34435,2862.66,1336,0.1,2.14
EVT00034,CAM0014,Shopee Ads,2020-12-14,2021-01-01,1492045,19944,1.34,35865,1676.57,1804,0.084,0.93
EVT00034,CAM0014,Lazada Ads,2020-12-14,2021-01-01,829728,13307,1.6,17748,1251.51,940,0.094,1.33
EVT00034,CAM0014,TikTok,2020-12-14,2021-01-01,1446900,21433,1.48,32922,2999.99,1391,0.14,2.16
EVT00035,CAM0014,Google,2020-12-16,2021-01-03,1598861,18575,1.16,24949,2139.07,667,0.115,3.21
EVT00035,CAM0014,Meta,2020-12-16,2021-01-03,1700330,20748,1.22,28963,1281.57,1059,0.062,1.21
EVT00035,CAM0014,TikTok,2020-12-16,2021-01-03,832497,10373,1.25,15460,3379.57,417,0.326,8.1
EVT00036,CAM0014,Google,2020-12-16,2020-12-28,187491,2566,1.37,4195,3292.48,146,1.283,22.55
EVT00036,CAM0014,Meta,2020-12-16,2020-12-28,1626978,26477,1.63,33575,1282.0,1063,0.048,1.21
EVT00036,CAM0014,Lazada Ads,2020-12-16,2020-12-28,1022910,17373,1.7,20918,4135.36,1188,0.238,3.48
EVT00036,CAM0014,Email,2020-12-16,2020-12-28,789864,14014,1.77,20718,239.23,539,0.017,0.44
EVT00037,CAM0015,Meta,2021-01-08,2021-01-26,1260512,22081,1.75,34158,1028.03,776,0.047,1.32
EVT00037,CAM0015,TikTok,2021-01-08,2021-01-26,265403,3182,1.2,4207,2200.63,87,0.692,25.29
EVT00038,CAM0015,TikTok,2021-01-05,2021-01-21,1718510,29247,1.7,39818,864.01,1828,0.03,0.47
EVT00038,CAM0015,Shopee Ads,2021-01-05,2021-01-21,1445467,22872,1.58,40391,79.95,1665,0.003,0.05
EVT00038,CAM0015,Email,2021-01-05,2021-01-21,732708,11884,1.62,20928,813.25,601,0.068,1.35
EVT00039,CAM0015,Email,2021-01-08,2021-01-23,1493580,17718,1.19,27913,1692.59,684,0.096,2.47
EVT00039,CAM0015,TikTok,2021-01-08,2021-01-23,1001394,16508,1.65,26376,846.54,1385,0.051,0.61
EVT00040,CAM0016,Google,2021-04-11,2021-04-28,830061,13246,1.6,17343,2680.37,761,0.202,3.52
EVT00040,CAM0016,Lazada Ads,2021-04-11,2021-04-28,1270629,20579,1.62,26217,1825.94,873,0.089,2.09
EVT00041,CAM0016,Email,2021-04-08,2021-04-23,715808,8990,1.26,11651,439.34,368,0.049,1.19
EVT00041,CAM0016,Shopee Ads,2021-04-08,2021-04-23,247286,3517,1.42,6006,1478.91,166,0.421,8.91
EVT00041,CAM0016,Google,2021-04-08,2021-04-23,1849844,27396,1.48,48571,1873.38,2060,0.068,0.91
EVT00041,CAM0016,TikTok,2021-04-08,2021-04-23,1356576,15535,1.15,24833,1539.81,1276,0.099,1.21
EVT00042,CAM0016,Google,2021-04-09,2021-04-19,1664968,25794,1.55,39210,2217.97,2338,0.086,0.95
EVT00042,CAM0016,TikTok,2021-04-09,2021-04-19,1382376,19776,1.43,24319,2681.37,1318,0.136,2.03
EVT00042,CAM0016,Shopee Ads,2021-04-09,2021-04-19,266544,3215,1.21,4648,402.34,236,0.125,1.7
EVT00043,CAM0016,Meta,2021-04-11,2021-04-20,897835,14843,1.65,19549,2106.75,446,0.142,4.72
EVT00043,CAM0016,Shopee Ads,2021-04-11,2021-04-20,1057559,18887,1.79,31730,749.23,1089,0.04,0.69
EVT00043,CAM0016,Lazada Ads,2021-04-11,2021-04-20,1346752,17026,1.26,23770,1396.4,935,0.082,1.49
EVT00043,CAM0016,Email,2021-04-11,2021-04-20,992888,13415,1.35,19754,3902.36,857,0.291,4.55
EVT00044,CAM0017,Meta,2021-08-05,2021-08-13,1607922,24007,1.49,35889,114.17,1975,0.005,0.06
EVT00044,CAM0017,TikTok,2021-08-05,2021-08-13,504654,8978,1.78,15783,893.82,513,0.1,1.74
EVT00044,CAM0017,Shopee Ads,2021-08-05,2021-08-13,576286,7719,1.34,10263,2232.13,477,0.289,4.68
EVT00045,CAM0017,TikTok,2021-08-02,2021-08-11,585451,10672,1.82,15309,1894.2,523,0.177,3.62
EVT00045,CAM0017,Meta,2021-08-02,2021-08-11,1793975,31798,1.77,52633,568.53,1138,0.018,0.5
EVT00046,CAM0018,Meta,2021-07-13,2021-07-28,434211,5323,1.23,8766,1453.69,473,0.273,3.07
EVT00046,CAM0018,Email,2021-07-13,2021-07-28,1453099,18949,1.3,23952,2531.52,864,0.134,2.93
EVT00046,CAM0018,Lazada Ads,2021-07-13,2021-07-28,1028374,18486,1.8,30127,3790.53,1472,0.205,2.58
EVT00047,CAM0018,Email,2021-07-17,2021-07-26,1073264,12320,1.15,19411,1207.16,563,0.098,2.14
EVT00047,CAM0018,Google,2021-07-17,2021-07-26,1238474,15966,1.29,19532,4728.12,1131,0.296,4.18
EVT00048,CAM0019,Meta,2021-09-05,2021-09-16,376283,6562,1.74,9146,1359.68,313,0.207,4.34
EVT00048,CAM0019,Shopee Ads,2021-09-05,2021-09-16,1057259,17818,1.69,29605,2229.28,673,0.125,3.31
EVT00048,CAM0019,Email,2021-09-05,2021-09-16,806874,13893,1.72,18379,3048.58,969,0.219,3.15
EVT00049,CAM0019,Google,2021-09-04,2021-09-14,759486,10785,1.42,13192,527.1,350,0.049,1.51
EVT00049,CAM0019,TikTok,2021-09-04,2021-09-14,974517,15184,1.56,25872,823.45,1023,0.054,0.8
EVT00049,CAM0019,Shopee Ads,2021-09-04,2021-09-14,1381559,23713,1.72,38829,776.91,1092,0.033,0.71
EVT00049,CAM0019,Email,2021-09-04,2021-09-14,593088,8153,1.37,14659,504.31,859,0.062,0.59
EVT00050,CAM0019,Meta,2021-09-08,2021-09-15,907119,15039,1.66,19574,717.25,559,0.048,1.28
EVT00050,CAM0019,Google,2021-09-08,2021-09-15,368110,5721,1.55,9145,602.21,407,0.105,1.48
EVT00050,CAM0019,Email,2021-09-08,2021-09-15,1346483,21089,1.57,34562,1200.85,1896,0.057,0.63
EVT00051,CAM0020,Lazada Ads,2021-11-20,2021-11-29,1814184,26853,1.48,42125,1152.31,1574,0.043,0.73
EVT00051,CAM0020,Google,2021-11-20,2021-11-29,507842,6409,1.26,8160,1373.44,265,0.214,5.18
EVT00051,CAM0020,Meta,2021-11-20,2021-11-29,1800027,21032,1.17,28567,2252.52,782,0.107,2.88
EVT00052,CAM0020,Meta,2021-11-18,2021-11-27,591847,6802,1.15,10091,1923.28,314,0.283,6.13
EVT00052,CAM0020,Shopee Ads,2021-11-18,2021-11-27,1978009,27959,1.41,46101,852.89,2652,0.031,0.32
EVT00052,CAM0020,Lazada Ads,2021-11-18,2021-11-27,945960,15602,1.65,27886,523.03,1562,0.034,0.33
EVT00053,CAM0020,Lazada Ads,2021-11-18,2021-11-23,660756,8117,1.23,13385,1647.59,689,0.203,2.39
EVT00053,CAM0020,Email,2021-11-18,2021-11-23,1825300,22271,1.22,31087,1374.53,1265,0.062,1.09
EVT00053,CAM0020,Shopee Ads,2021-11-18,2021-11-23,1942625,31414,1.62,49770,2562.57,2447,0.082,1.05
EVT00053,CAM0020,Meta,2021-11-18,2021-11-23,1131705,13248,1.17,16304,2638.43,924,0.199,2.86
EVT00054,CAM0021,Google,2021-12-14,2021-12-24,707747,10197,1.44,18319,1250.84,978,0.123,1.28
EVT00054,CAM0021,Shopee Ads,2021-12-14,2021-12-24,959026,11576,1.21,19256,1307.38,947,0.113,1.38
EVT00054,CAM0021,Email,2021-12-14,2021-12-24,1638205,25350,1.55,41946,943.15,1962,0.037,0.48
EVT00055,CAM0021,Email,2021-12-13,2021-12-30,835247,14921,1.79,19721,2675.51,555,0.179,4.82
EVT00055,CAM0021,Meta,2021-12-13,2021-12-30,1656874,20019,1.21,31197,3005.06,1165,0.15,2.58
EVT00055,CAM0021,Google,2021-12-13,2021-12-30,1893093,29590,1.56,37089,1036.17,1390,0.035,0.75
EVT00056,CAM0022,Google,2022-01-18,2022-02-01,557450,7918,1.42,10127,676.01,597,0.085,1.13
EVT00056,CAM0022,Lazada Ads,2022-01-18,2022-02-01,1417856,20810,1.47,36898,4868.37,759,0.234,6.41
EVT00057,CAM0022,Shopee Ads,2022-01-18,2022-01-28,930693,14813,1.59,24518,631.62,1345,0.043,0.47
EVT00057,CAM0022,Email,2022-01-18,2022-01-28,467693,6321,1.35,9418,1036.0,514,0.164,2.02
EVT00058,CAM0023,TikTok,2022-04-10,2022-04-26,112928,1827,1.62,2283,1613.54,105,0.883,15.37
EVT00058,CAM0023,Lazada Ads,2022-04-10,2022-04-26,651464,8410,1.29,11352,2766.37,360,0.329,7.68
EVT00059,CAM0023,Lazada Ads,2022-04-15,2022-04-29,731781,12761,1.74,17562,374.06,620,0.029,0.6
EVT00059,CAM0023,Google,2022-04-15,2022-04-29,314712,4290,1.36,5344,1938.76,143,0.452,13.56
EVT00059,CAM0023,TikTok,2022-04-15,2022-04-29,1932178,30859,1.6,44054,892.93,2343,0.029,0.38
EVT00059,CAM0023,Email,2022-04-15,2022-04-29,1409789,19148,1.36,25138,1228.71,1490,0.064,0.82
EVT00060,CAM0024,Lazada Ads,2022-08-03,2022-08-11,418896,5074,1.21,7230,6346.8,296,1.251,21.44
EVT00060,CAM0024,Shopee Ads,2022-08-03,2022-08-11,1277586,22347,1.75,32505,3938.64,958,0.176,4.11
EVT00061,CAM0024,Meta,2022-08-06,2022-08-20,1731220,31587,1.82,44505,4093.38,2240,0.13,1.83
EVT00061,CAM0024,Email,2022-08-06,2022-08-20,1354871,20261,1.5,29540,1300.37,861,0.064,1.51
EVT00061,CAM0024,Shopee Ads,2022-08-06,2022-08-20,738172,12797,1.73,21854,1921.18,1189,0.15,1.62
EVT00062,CAM0025,Shopee Ads,2022-07-08,2022-07-14,1374437,22915,1.67,28849,1759.08,826,0.077,2.13
EVT00062,CAM0025,TikTok,2022-07-08,2022-07-14,1494203,21416,1.43,30745,4833.71,659,0.226,7.33
EVT00062,CAM0025,Meta,2022-07-08,2022-07-14,617567,10807,1.75,18930,2371.53,912,0.219,2.6
EVT00063,CAM0025,Shopee Ads,2022-07-08,2022-07-15,1491225,27256,1.83,34933,1266.71,1495,0.046,0.85
EVT00063,CAM0025,Meta,2022-07-08,2022-07-15,1454934,21255,1.46,27572,685.1,879,0.032,0.78
EVT00063,CAM0025,TikTok,2022-07-08,2022-07-15,1246087,15481,1.24,20467,1338.8,456,0.086,2.94
EVT00063,CAM0025,Email,2022-07-08,2022-07-15,803629,11509,1.43,16512,1287.88,475,0.112,2.71
EVT00064,CAM0026,Shopee Ads,2022-09-02,2022-09-17,221989,3616,1.63,4634,1438.61,233,0.398,6.17
EVT00064,CAM0026,Email,2022-09-02,2022-09-17,1086616,14892,1.37,20543,1736.66,660,0.117,2.63
EVT00064,CAM0026,TikTok,2022-09-02,2022-09-17,130897,2033,1.55,3550,3752.81,155,1.846,24.21
EVT00065,CAM0026,Google,2022-09-02,2022-09-09,486540,6434,1.32,9220,253.92,425,0.039,0.6
EVT00065,CAM0026,TikTok,2022-09-02,2022-09-09,1460306,23214,1.59,39596,3938.36,2356,0.17,1.67
EVT00065,CAM0026,Lazada Ads,2022-09-02,2022-09-09,1365707,22688,1.66,28078,5018.53,740,0.221,6.78
EVT00066,CAM0026,Email,2022-09-07,2022-09-15,793507,14547,1.83,17955,1572.63,400,0.108,3.93
EVT00066,CAM0026,Shopee Ads,2022-09-07,2022-09-15,503265,8335,1.66,12605,3031.23,335,0.364,9.05
EVT00066,CAM0026,Google,2022-09-07,2022-09-15,1481059,21975,1.48,33368,893.43,1650,0.041,0.54
EVT00066,CAM0026,Meta,2022-09-07,2022-09-15,1237066,21121,1.71,27114,2556.01,715,0.121,3.57
EVT00067,CAM0027,TikTok,2022-11-09,2022-11-20,1130153,20010,1.77,29285,3932.82,902,0.197,4.36
EVT00067,CAM0027,Shopee Ads,2022-11-09,2022-11-20,1110719,13654,1.23,23846,3832.35,1140,0.281,3.36
EVT00068,CAM0027,Meta,2022-11-13,2022-11-25,426121,6581,1.54,11765,1141.53,451,0.173,2.53
EVT00068,CAM0027,TikTok,2022-11-13,2022-11-25,1006307,14326,1.42,19948,518.0,896,0.036,0.58
EVT00068,CAM0027,Google,2022-11-13,2022-11-25,1913080,33881,1.77,43862,1687.98,1239,0.05,1.36
EVT00068,CAM0027,Lazada Ads,2022-11-13,2022-11-25,1432807,17515,1.22,24474,961.8,1159,0.055,0.83
EVT00069,CAM0027,Google,2022-11-11,2022-11-24,871388,11633,1.33,17595,2012.98,826,0.173,2.44
EVT00069,CAM0027,Shopee Ads,2022-11-11,2022-11-24,784933,11150,1.42,13510,1711.83,333,0.154,5.14
EVT00069,CAM0027,Meta,2022-11-11,2022-11-24,1040183,11638,1.12,14169,4261.63,314,0.366,13.57
EVT00070,CAM0027,Meta,2022-11-09,2022-11-18,1303928,21086,1.62,33497,348.85,1349,0.017,0.26
EVT00070,CAM0027,TikTok,2022-11-09,2022-11-18,864495,11002,1.27,17283,1078.08,692,0.098,1.56
EVT00070,CAM0027,Google,2022-11-09,2022-11-18,166535,2884,1.73,4690,65.38,118,0.023,0.55
EVT00070,CAM0027,Email,2022-11-09,2022-11-18,99929,1368,1.37,1912,1546.77,45,1.131,34.37
EVT00071,CAM0028,Meta,2022-12-02,2022-12-15,1041158,11700,1.12,20286,2897.24,653,0.248,4.44
EVT00071,CAM0028,TikTok,2022-12-02,2022-12-15,782812,9633,1.23,16552,2940.08,390,0.305,7.54
EVT00071,CAM0028,Shopee Ads,2022-12-02,2022-12-15,330652,5413,1.64,8324,1809.46,229,0.334,7.9
EVT00072,CAM0028,Meta,2022-12-02,2022-12-18,473467,5933,1.25,9233,2914.97,208,0.491,14.01
EVT00072,CAM0028,Lazada Ads,2022-12-02,2022-12-18,1639222,30111,1.84,47309,1429.48,2204,0.047,0.65
EVT00072,CAM0028,TikTok,2022-12-02,2022-12-18,1812397,20134,1.11,24987,1316.73,828,0.065,1.59
EVT00073,CAM0028,Meta,2022-12-01,2022-12-20,1966229,34657,1.76,49483,1350.99,2881,0.039,0.47
EVT00073,CAM0028,Google,2022-12-01,2022-12-20,1187128,17020,1.43,23237,1256.26,820,0.074,1.53
EVT00073,CAM0028,Email,2022-12-01,2022-12-20,439393,6452,1.47,10252,899.76,211,0.139,4.26
EVT00073,CAM0028,Lazada Ads,2022-12-01,2022-12-20,1810515,20742,1.15,36075,751.7,1933,0.036,0.39
EVT00074,CAM0028,Lazada Ads,2022-12-01,2022-12-19,1614379,22243,1.38,32674,961.69,1040,0.043,0.92
EVT00074,CAM0028,TikTok,2022-12-01,2022-12-19,184907,2612,1.41,3950,1714.01,223,0.656,7.69
EVT00074,CAM0028,Email,2022-12-01,2022-12-19,1388792,18450,1.33,23742,3903.36,1291,0.212,3.02
EVT00075,CAM0029,TikTok,2023-01-10,2023-01-24,1767178,32331,1.83,50400,1435.19,2142,0.044,0.67
EVT00075,CAM0029,Meta,2023-01-10,2023-01-24,795335,12995,1.63,15640,1660.74,488,0.128,3.4
EVT00075,CAM0029,Google,2023-01-10,2023-01-24,763200,9741,1.28,17360,2292.48,789,0.235,2.91
EVT00076,CAM0029,Lazada Ads,2023-01-12,2023-01-22,918066,16618,1.81,27189,2735.93,639,0.165,4.28
EVT00076,CAM0029,TikTok,2023-01-12,2023-01-22,763147,8634,1.13,15289,3107.97,421,0.36,7.38
EVT00077,CAM0030,TikTok,2023-04-11,2023-04-24,1651779,24634,1.49,40741,1166.54,816,0.047,1.43
EVT00077,CAM0030,Email,2023-04-11,2023-04-24,486964,6885,1.41,8641,5145.8,512,0.747,10.05
EVT00077,CAM0030,Lazada Ads,2023-04-11,2023-04-24,334459,5260,1.57,8055,1443.45,332,0.274,4.35
EVT00078,CAM0030,Google,2023-04-10,2023-04-25,422377,7422,1.76,12970,4471.72,271,0.602,16.5
EVT00078,CAM0030,TikTok,2023-04-10,2023-04-25,1691162,23453,1.39,41130,1003.09,2244,0.043,0.45
EVT00078,CAM0030,Meta,2023-04-10,2023-04-25,905283,15775,1.74,20063,4192.61,544,0.266,7.71
EVT00079,CAM0031,Shopee Ads,2023-08-14,2023-08-25,480127,7098,1.48,11930,2512.69,501,0.354,5.02
EVT00079,CAM0031,Meta,2023-08-14,2023-08-25,1002632,18251,1.82,26887,8253.13,757,0.452,10.9
EVT00080,CAM0031,Google,2023-08-14,2023-08-21,1113689,17896,1.61,27818,465.01,1568,0.026,0.3
EVT00080,CAM0031,TikTok,2023-08-14,2023-08-21,507526,6967,1.37,10456,248.55,610,0.036,0.41
EVT00080,CAM0031,Lazada Ads,2023-08-14,2023-08-21,1982156,31021,1.57,40421,2483.99,877,0.08,2.83
EVT00081,CAM0032,Shopee Ads,2023-07-14,2023-07-21,1026815,13676,1.33,19640,297.39,418,0.022,0.71
EVT00081,CAM0032,Google,2023-07-14,2023-07-21,834730,14409,1.73,24545,1801.91,1356,0.125,1.33
EVT00081,CAM0032,Email,2023-07-14,2023-07-21,444277,6807,1.53,10671,704.73,469,0.104,1.5
EVT00082,CAM0032,TikTok,2023-07-15,2023-07-30,495932,6149,1.24,8123,658.35,288,0.107,2.29
EVT00082,CAM0032,Google,2023-07-15,2023-07-30,1257382,16095,1.28,23033,189.73,1295,0.012,0.15
EVT00082,CAM0032,Shopee Ads,2023-07-15,2023-07-30,1906036,30441,1.6,48926,312.02,2619,0.01,0.12
EVT00082,CAM0032,Email,2023-07-15,2023-07-30,977979,14578,1.49,18546,795.22,644,0.055,1.23
EVT00083,CAM0032,Lazada Ads,2023-07-18,2023-07-29,1677563,20188,1.2,33469,986.63,1667,0.049,0.59
EVT00083,CAM0032,Google,2023-07-18,2023-07-29,1231662,14805,1.2,20376,973.3,555,0.066,1.75
EVT00083,CAM0032,Email,2023-07-18,2023-07-29,980077,15797,1.61,23039,887.72,725,0.056,1.22
EVT00084,CAM0033,TikTok,2023-09-06,2023-09-19,268536,3970,1.48,6045,2986.91,318,0.752,9.39
EVT00084,CAM0033,Shopee Ads,2023-09-06,2023-09-19,1718109,21507,1.25,34757,2687.02,731,0.125,3.68
EVT00085,CAM0033,Shopee Ads,2023-09-05,2023-09-18,228308,3874,1.7,5544,554.6,294,0.143,1.89
EVT00085,CAM0033,Email,2023-09-05,2023-09-18,136753,2298,1.68,3432,274.32,91,0.119,3.01
EVT00085,CAM0033,Lazada Ads,2023-09-05,2023-09-18,1753599,23165,1.32,37482,545.73,2227,0.024,0.25
EVT00086,CAM0034,Meta,2023-11-08,2023-11-17,1220980,16784,1.37,24514,252.17,785,0.015,0.32
EVT00086,CAM0034,Lazada Ads,2023-11-08,2023-11-17,583178,10655,1.83,17117,871.17,580,0.082,1.5
EVT00086,CAM0034,TikTok,2023-11-08,2023-11-17,1978727,22616,1.14,39031,1607.96,953,0.071,1.69
EVT00086,CAM0034,Email,2023-11-08,2023-11-17,746290,12791,1.71,19797,597.37,1100,0.047,0.54
EVT00087,CAM0034,Email,2023-11-08,2023-11-15,351360,4696,1.34,7814,1770.58,314,0.377,5.64
EVT00087,CAM0034,Google,2023-11-08,2023-11-15,262267,4073,1.55,5166,2505.2,142,0.615,17.64
EVT00087,CAM0034,TikTok,2023-11-08,2023-11-15,492296,9008,1.83,13185,634.4,307,0.07,2.07
EVT00087,CAM0034,Shopee Ads,2023-11-08,2023-11-15,873323,14833,1.7,24262,3495.36,985,0.236,3.55
EVT00088,CAM0035,Google,2023-12-10,2023-12-23,219456,2621,1.19,3349,1036.98,167,0.396,6.21
EVT00088,CAM0035,Email,2023-12-10,2023-12-23,164725,3034,1.84,4244,1667.34,187,0.55,8.92
EVT00088,CAM0035,Lazada Ads,2023-12-10,2023-12-23,1007128,14014,1.39,22730,1326.86,634,0.095,2.09
EVT00088,CAM0035,Shopee Ads,2023-12-10,2023-12-23,777121,10526,1.35,15534,643.24,657,0.061,0.98
EVT00089,CAM0035,Lazada Ads,2023-12-06,2023-12-19,1489345,20275,1.36,35102,2574.32,1828,0.127,1.41
EVT00089,CAM0035,TikTok,2023-12-06,2023-12-19,1948562,28964,1.49,50649,3345.99,2965,0.116,1.13
EVT00089,CAM0035,Email,2023-12-06,2023-12-19,1232979,18236,1.48,29350,4760.3,1180,0.261,4.03
EVT00090,CAM0035,Lazada Ads,2023-12-09,2023-12-19,1083187,16208,1.5,21955,420.45,866,0.026,0.49
EVT00090,CAM0035,Shopee Ads,2023-12-09,2023-12-19,773570,11344,1.47,19576,1497.22,438,0.132,3.42
EVT00090,CAM0035,Email,2023-12-09,2023-12-19,272478,3906,1.43,4874,1084.82,139,0.278,7.8
EVT00091,CAM0035,TikTok,2023-12-08,2023-12-19,154546,2729,1.77,3752,2925.07,159,1.072,18.4
EVT00091,CAM0035,Shopee Ads,2023-12-08,2023-12-19,900317,16071,1.79,20927,1210.37,445,0.075,2.72
EVT00091,CAM0035,Meta,2023-12-08,2023-12-19,1036822,18088,1.74,29997,1699.21,1330,0.094,1.28
EVT00092,CAM0036,Meta,2024-01-02,2024-01-18,1461853,18397,1.26,24731,886.49,1156,0.048,0.77
EVT00092,CAM0036,Shopee Ads,2024-01-02,2024-01-18,700424,12826,1.83,19099,1369.92,1054,0.107,1.3
EVT00092,CAM0036,Google,2024-01-02,2024-01-18,589619,8054,1.37,11005,1942.7,298,0.241,6.52
EVT00092,CAM0036,TikTok,2024-01-02,2024-01-18,674601,8278,1.23,12848,878.22,529,0.106,1.66
EVT00093,CAM0036,TikTok,2024-01-05,2024-01-21,259062,3723,1.44,6211,2156.86,248,0.579,8.7
EVT00093,CAM0036,Email,2024-01-05,2024-01-21,315120,4750,1.51,7329,2570.03,425,0.541,6.05
EVT00093,CAM0036,Shopee Ads,2024-01-05,2024-01-21,1727900,25051,1.45,38997,1451.58,2319,0.058,0.63
EVT00094,CAM0037,Lazada Ads,2024-04-17,2024-05-02,1550245,19627,1.27,25497,330.6,1377,0.017,0.24
EVT00094,CAM0037,Email,2024-04-17,2024-05-02,1882100,25722,1.37,44051,186.79,1594,0.007,0.12
EVT00094,CAM0037,Google,2024-04-17,2024-05-02,1145955,14476,1.26,24447,781.07,1149,0.054,0.68
EVT00094,CAM0037,Shopee Ads,2024-04-17,2024-05-02,1274769,21867,1.72,35268,837.51,1834,0.038,0.46
EVT00095,CAM0037,TikTok,2024-04-16,2024-04-25,309796,4091,1.32,5180,4184.62,281,1.023,14.89
EVT00095,CAM0037,Meta,2024-04-16,2024-04-25,766176,11983,1.56,15385,1300.6,390,0.109,3.33
EVT00095,CAM0037,Lazada Ads,2024-04-16,2024-04-25,941481,12139,1.29,21704,2042.89,1251,0.168,1.63
EVT00096,CAM0037,Lazada Ads,2024-04-14,2024-04-22,1813985,31443,1.73,55395,6009.71,2468,0.191,2.44
EVT00096,CAM0037,Shopee Ads,2024-04-14,2024-04-22,861518,14600,1.69,22684,2424.1,958,0.166,2.53
EVT00096,CAM0037,Meta,2024-04-14,2024-04-22,1661755,27182,1.64,34544,2397.51,1067,0.088,2.25
EVT00097,CAM0038,Lazada Ads,2024-08-05,2024-08-16,1702289,20859,1.23,37455,1030.45,1245,0.049,0.83
EVT00097,CAM0038,Meta,2024-08-05,2024-08-16,433859,5873,1.35,9617,698.43,282,0.119,2.48
EVT00097,CAM0038,Google,2024-08-05,2024-08-16,1640947,29010,1.77,48730,9158.22,993,0.316,9.22
EVT00098,CAM0038,TikTok,2024-08-05,2024-08-10,921382,14099,1.53,24708,139.6,1430,0.01,0.1
EVT00098,CAM0038,Meta,2024-08-05,2024-08-10,1243764,15569,1.25,20412,1755.84,1175,0.113,1.49
EVT00098,CAM0038,Google,2024-08-05,2024-08-10,354763,4397,1.24,5994,700.03,285,0.159,2.46
EVT00098,CAM0038,Email,2024-08-05,2024-08-10,699922,9649,1.38,12844,1511.45,714,0.157,2.12
EVT00099,CAM0038,Lazada Ads,2024-08-06,2024-08-13,454676,6806,1.5,10755,823.83,265,0.121,3.11
EVT00099,CAM0038,Shopee Ads,2024-08-06,2024-08-13,393244,5597,1.42,7223,1528.92,365,0.273,4.19
EVT00099,CAM0038,Meta,2024-08-06,2024-08-13,888888,10104,1.14,15599,3989.43,752,0.395,5.31
EVT00100,CAM0039,Lazada Ads,2024-07-08,2024-07-23,1296712,19858,1.53,24422,1801.34,1036,0.091,1.74
EVT00100,CAM0039,TikTok,2024-07-08,2024-07-23,1139910,13562,1.19,16539,1040.41,398,0.077,2.61
EVT00100,CAM0039,Google,2024-07-08,2024-07-23,673915,10114,1.5,13811,2049.87,292,0.203,7.02
EVT00101,CAM0039,Lazada Ads,2024-07-06,2024-07-12,1703296,19053,1.12,28583,763.59,1646,0.04,0.46
EVT00101,CAM0039,Email,2024-07-06,2024-07-12,980531,15047,1.53,22288,1558.63,556,0.104,2.8
EVT00101,CAM0039,Shopee Ads,2024-07-06,2024-07-12,1886062,25905,1.37,40253,532.69,1654,0.021,0.32
EVT00102,CAM0039,Email,2024-07-09,2024-07-17,1591046,21370,1.34,31847,2737.66,956,0.128,2.86
EVT00102,CAM0039,Shopee Ads,2024-07-09,2024-07-17,1869041,22895,1.22,34382,2505.87,742,0.109,3.38
EVT00103,CAM0039,Meta,2024-07-06,2024-07-21,1275758,17027,1.33,21365,4392.0,632,0.258,6.95
EVT00103,CAM0039,Email,2024-07-06,2024-07-21,902157,15963,1.77,23163,4696.48,668,0.294,7.03
EVT00104,CAM0040,Lazada Ads,2024-09-10,2024-09-23,1663414,24405,1.47,29315,905.25,986,0.037,0.92
EVT00104,CAM0040,Meta,2024-09-10,2024-09-23,1196297,18277,1.53,25497,150.68,532,0.008,0.28
EVT00104,CAM0040,Shopee Ads,2024-09-10,2024-09-23,1840222,26607,1.45,33993,675.37,722,0.025,0.94
EVT00104,CAM0040,Email,2024-09-10,2024-09-23,567379,6772,1.19,9569,129.49,524,0.019,0.25
EVT00105,CAM0040,Shopee Ads,2024-09-08,2024-09-21,555452,6902,1.24,10138,9300.64,449,1.348,20.71
EVT00105,CAM0040,Email,2024-09-08,2024-09-21,320328,3583,1.12,5531,1986.31,226,0.554,8.79
EVT00106,CAM0041,Shopee Ads,2024-11-05,2024-11-17,1065227,14763,1.39,24054,1359.88,946,0.092,1.44
EVT00106,CAM0041,Lazada Ads,2024-11-05,2024-11-17,1305263,14414,1.1,22726,379.28,570,0.026,0.67
EVT00106,CAM0041,Google,2024-11-05,2024-11-17,1488376,17220,1.16,29006,849.39,1689,0.049,0.5
EVT00107,CAM0041,Email,2024-11-05,2024-11-18,604615,8044,1.33,12433,2610.8,467,0.325,5.59
EVT00107,CAM0041,Google,2024-11-05,2024-11-18,1761097,24542,1.39,43610,2516.43,1089,0.103,2.31
EVT00107,CAM0041,Meta,2024-11-05,2024-11-18,1867949,20763,1.11,25689,1384.27,784,0.067,1.77
EVT00108,CAM0042,Shopee Ads,2024-12-06,2024-12-16,794100,11685,1.47,20855,388.14,711,0.033,0.55
EVT00108,CAM0042,Meta,2024-12-06,2024-12-16,355120,4021,1.13,5490,883.99,247,0.22,3.58
EVT00109,CAM0042,Google,2024-12-02,2024-12-20,1793977,24491,1.37,37136,1294.03,957,0.053,1.35
EVT00109,CAM0042,Meta,2024-12-02,2024-12-20,1249087,15237,1.22,26871,2067.45,1480,0.136,1.4
EVT00109,CAM0042,Lazada Ads,2024-12-02,2024-12-20,525345,8159,1.55,14196,2011.41,578,0.247,3.48
EVT00110,CAM0043,Shopee Ads,2025-01-12,2025-01-31,597870,8554,1.43,10793,2635.94,613,0.308,4.3
EVT00110,CAM0043,TikTok,2025-01-12,2025-01-31,1975256,21768,1.1,31863,7574.73,716,0.348,10.58
EVT00111,CAM0043,Meta,2025-01-13,2025-01-27,322706,3921,1.22,4804,1008.98,169,0.257,5.97
EVT00111,CAM0043,Shopee Ads,2025-01-13,2025-01-27,1032592,17503,1.7,30109,2062.28,1063,0.118,1.94
EVT00111,CAM0043,Google,2025-01-13,2025-01-27,1329728,20800,1.56,35545,1188.76,1066,0.057,1.12
EVT00111,CAM0043,Email,2025-01-13,2025-01-27,1544382,28420,1.84,40496,1173.48,1619,0.041,0.72
EVT00112,CAM0043,Google,2025-01-12,2025-01-27,1385464,21300,1.54,26982,1589.21,749,0.075,2.12
EVT00112,CAM0043,Email,2025-01-12,2025-01-27,971940,16111,1.66,28312,1163.8,913,0.072,1.27
EVT00112,CAM0043,Lazada Ads,2025-01-12,2025-01-27,1315294,23344,1.77,31357,1368.53,887,0.059,1.54
EVT00112,CAM0043,Shopee Ads,2025-01-12,2025-01-27,522497,6904,1.32,11574,3190.3,297,0.462,10.74
EVT00113,CAM0044,TikTok,2025-04-17,2025-04-28,753405,12343,1.64,20250,857.5,1161,0.069,0.74
EVT00113,CAM0044,Google,2025-04-17,2025-04-28,520258,6101,1.17,8439,3123.28,206,0.512,15.16
EVT00113,CAM0044,Lazada Ads,2025-04-17,2025-04-28,1411032,16498,1.17,26761,2096.46,1059,0.127,1.98
EVT00114,CAM0044,TikTok,2025-04-12,2025-04-24,113538,1973,1.74,2936,2684.19,159,1.36,16.88
EVT00114,CAM0044,Shopee Ads,2025-04-12,2025-04-24,1709133,21987,1.29,33700,1649.02,1617,0.075,1.02
EVT00114,CAM0044,Meta,2025-04-12,2025-04-24,204324,2877,1.41,5021,3915.34,282,1.361,13.88
EVT00114,CAM0044,Google,2025-04-12,2025-04-24,875998,15640,1.79,27979,1152.18,1171,0.074,0.98
EVT00115,CAM0044,Shopee Ads,2025-04-13,2025-04-29,614413,7200,1.17,10223,2102.61,390,0.292,5.39
EVT00115,CAM0044,Meta,2025-04-13,2025-04-29,942563,13681,1.45,17493,3796.95,440,0.278,8.63
EVT00116,CAM0044,Email,2025-04-12,2025-04-29,676916,10066,1.49,17620,1666.38,401,0.166,4.16
EVT00116,CAM0044,Meta,2025-04-12,2025-04-29,692412,12308,1.78,15898,1403.69,822,0.114,1.71
EVT00116,CAM0044,TikTok,2025-04-12,2025-04-29,1387467,24270,1.75,42113,2226.7,1268,0.092,1.76
EVT00116,CAM0044,Shopee Ads,2025-04-12,2025-04-29,1236814,15744,1.27,20022,744.46,758,0.047,0.98
EVT00117,CAM0045,Email,2025-08-19,2025-08-26,982968,13375,1.36,17597,5181.05,914,0.387,5.67
EVT00117,CAM0045,Lazada Ads,2025-08-19,2025-08-26,945743,16314,1.72,19921,1711.77,605,0.105,2.83
EVT00118,CAM0045,Email,2025-08-20,2025-08-25,1805628,25022,1.39,36012,1158.09,1478,0.046,0.78
EVT00118,CAM0045,Google,2025-08-20,2025-08-25,1219788,15886,1.3,28073,2157.29,1070,0.136,2.02
EVT00118,CAM0045,Lazada Ads,2025-08-20,2025-08-25,1856552,33597,1.81,46065,7664.61,2216,0.228,3.46
EVT00119,CAM0046,Google,2025-07-15,2025-07-30,1135698,17526,1.54,25182,3216.94,994,0.184,3.24
EVT00119,CAM0046,Lazada Ads,2025-07-15,2025-07-30,1094559,13321,1.22,16349,2072.97,783,0.156,2.65
EVT00120,CAM0046,Google,2025-07-13,2025-07-22,1768060,29982,1.7,49955,2117.15,1723,0.071,1.23
EVT00120,CAM0046,Shopee Ads,2025-07-13,2025-07-22,1140957,14952,1.31,18410,1700.84,822,0.114,2.07
EVT00121,CAM0046,Email,2025-07-17,2025-08-02,207139,3088,1.49,3995,1289.34,97,0.418,13.29
EVT00121,CAM0046,Shopee Ads,2025-07-17,2025-08-02,1229886,22260,1.81,33441,429.85,1082,0.019,0.4
EVT00121,CAM0046,Google,2025-07-17,2025-08-02,609675,7244,1.19,10950,707.23,232,0.098,3.05
EVT00122,CAM0046,Shopee Ads,2025-07-13,2025-07-20,841159,12516,1.49,20802,4243.34,819,0.339,5.18
EVT00122,CAM0046,Meta,2025-07-13,2025-07-20,1922735,26769,1.39,33032,1719.53,1217,0.064,1.41
EVT00122,CAM0046,Email,2025-07-13,2025-07-20,490448,7421,1.51,9242,1037.72,305,0.14,3.4
EVT00123,CAM0047,Meta,2025-09-15,2025-09-27,1860086,32841,1.77,56244,257.05,2858,0.008,0.09
EVT00123,CAM0047,Email,2025-09-15,2025-09-27,1993496,33248,1.67,43602,5254.44,1085,0.158,4.84
EVT00123,CAM0047,TikTok,2025-09-15,2025-09-27,1868918,27068,1.45,34769,2264.33,1569,0.084,1.44
EVT00124,CAM0047,TikTok,2025-09-16,2025-09-28,1223124,15060,1.23,25189,2063.95,861,0.137,2.4
EVT00124,CAM0047,Meta,2025-09-16,2025-09-28,1577577,27613,1.75,47288,926.26,1349,0.034,0.69
EVT00124,CAM0047,Google,2025-09-16,2025-09-28,1284174,22340,1.74,39498,1553.43,1258,0.07,1.23
EVT00124,CAM0047,Lazada Ads,2025-09-16,2025-09-28,1047453,17723,1.69,22662,988.66,750,0.056,1.32
EVT00125,CAM0048,Lazada Ads,2025-11-10,2025-11-22,983302,12712,1.29,17544,2400.11,716,0.189,3.35
EVT00125,CAM0048,Shopee Ads,2025-11-10,2025-11-22,127532,2274,1.78,4007,507.97,224,0.223,2.27
EVT00125,CAM0048,Meta,2025-11-10,2025-11-22,1575096,18628,1.18,29408,1085.96,742,0.058,1.46
EVT00126,CAM0048,Meta,2025-11-15,2025-11-21,815034,9192,1.13,11402,5644.87,347,0.614,16.27
EVT00126,CAM0048,Google,2025-11-15,2025-11-21,782818,14125,1.8,25312,3094.51,1163,0.219,2.66
EVT00127,CAM0049,Shopee Ads,2025-12-06,2025-12-18,741785,8387,1.13,11488,1099.03,645,0.131,1.7
EVT00127,CAM0049,Google,2025-12-06,2025-12-18,1767227,30895,1.75,52563,1583.87,2850,0.051,0.56
EVT00127,CAM0049,Meta,2025-12-06,2025-12-18,1228355,19369,1.58,23730,3076.26,1259,0.159,2.44
EVT00127,CAM0049,Email,2025-12-06,2025-12-18,1754848,20813,1.19,33614,1121.59,1763,0.054,0.64
EVT00128,CAM0049,Meta,2025-12-05,2025-12-17,722860,11130,1.54,16666,2591.74,560,0.233,4.63
EVT00128,CAM0049,Google,2025-12-05,2025-12-17,964289,11904,1.23,14725,3042.22,347,0.256,8.77
EVT00129,CAM0049,Lazada Ads,2025-12-06,2025-12-19,1524096,27747,1.82,36701,6822.99,1262,0.246,5.41
EVT00129,CAM0049,Meta,2025-12-06,2025-12-19,102256,1247,1.22,1990,2126.5,55,1.705,38.66
EVT00129,CAM0049,Email,2025-12-06,2025-12-19,1195994,14717,1.23,26299,717.84,1374,0.049,0.52
EVT00129,CAM0049,TikTok,2025-12-06,2025-12-19,1981523,31011,1.57,51598,659.37,2832,0.021,0.23
EVT00130,CAM0049,TikTok,2025-12-07,2025-12-17,153029,2346,1.53,3024,6650.26,107,2.835,62.15
EVT00130,CAM0049,Email,2025-12-07,2025-12-17,1429003,19003,1.33,25252,2090.85,1319,0.11,1.59
EVT00130,CAM0049,Lazada Ads,2025-12-07,2025-12-17,1402118,19225,1.37,23546,2044.83,598,0.106,3.42
EVT00131,CAM0050,TikTok,2026-01-12,2026-01-22,852070,13546,1.59,20469,1237.33,498,0.091,2.48
EVT00131,CAM0050,Meta,2026-01-12,2026-01-22,1595376,24395,1.53,40230,1161.32,1703,0.048,0.68
EVT00131,CAM0050,Email,2026-01-12,2026-01-22,1852608,33847,1.83,51318,644.84,2923,0.019,0.22
EVT00131,CAM0050,Lazada Ads,2026-01-12,2026-01-22,94485,1180,1.25,1629,3397.26,38,2.879,89.4
EVT00132,CAM0050,Meta,2026-01-12,2026-01-28,1530721,24587,1.61,34992,3644.2,750,0.148,4.86
EVT00132,CAM0050,Google,2026-01-12,2026-01-28,1041521,17370,1.67,25501,4029.59,760,0.232,5.3
EVT00132,CAM0050,Shopee Ads,2026-01-12,2026-01-28,670772,11810,1.76,18894,3181.66,1082,0.269,2.94
EVT00133,CAM0051,Meta,2026-04-12,2026-04-21,1211359,16129,1.33,23829,1586.61,715,0.098,2.22
EVT00133,CAM0051,Shopee Ads,2026-04-12,2026-04-21,1406541,20776,1.48,31637,4806.53,820,0.231,5.86
EVT00134,CAM0051,TikTok,2026-04-12,2026-04-21,152869,2749,1.8,3599,6489.79,111,2.361,58.47
EVT00134,CAM0051,Google,2026-04-12,2026-04-21,1872365,32042,1.71,56874,2390.19,1762,0.075,1.36
EVT00135,CAM0051,Email,2026-04-14,2026-04-27,412822,7332,1.78,8946,2418.24,193,0.33,12.53
EVT00135,CAM0051,Lazada Ads,2026-04-14,2026-04-27,1689410,22982,1.36,30411,583.99,672,0.025,0.87
EVT00135,CAM0051,Meta,2026-04-14,2026-04-27,258650,3784,1.46,6755,681.19,362,0.18,1.88
EVT00135,CAM0051,TikTok,2026-04-14,2026-04-27,883351,13728,1.55,23563,539.68,554,0.039,0.97
EVT00136,CAM0052,Google,2026-08-19,2026-08-28,1663703,18509,1.11,25130,3967.84,1383,0.214,2.87
EVT00136,CAM0052,Lazada Ads,2026-08-19,2026-08-28,1956515,25256,1.29,38524,2168.7,1943,0.086,1.12
EVT00136,CAM0052,TikTok,2026-08-19,2026-08-28,1466200,19189,1.31,32356,2999.42,913,0.156,3.29
EVT00137,CAM0052,Meta,2026-08-21,2026-09-04,268345,3381,1.26,6004,693.48,121,0.205,5.73
EVT00137,CAM0052,Lazada Ads,2026-08-21,2026-09-04,313837,4673,1.49,6468,256.66,255,0.055,1.01
EVT00137,CAM0052,Shopee Ads,2026-08-21,2026-09-04,1104252,20267,1.84,32386,449.86,1255,0.022,0.36
EVT00137,CAM0052,TikTok,2026-08-21,2026-09-04,399365,6466,1.62,11449,271.54,635,0.042,0.43
EVT00138,CAM0052,Meta,2026-08-19,2026-08-30,1468941,22133,1.51,38356,468.41,1493,0.021,0.31
EVT00138,CAM0052,Lazada Ads,2026-08-19,2026-08-30,309077,3836,1.24,5496,1873.54,184,0.488,10.18
EVT00138,CAM0052,Email,2026-08-19,2026-08-30,564010,8500,1.51,11724,648.32,564,0.076,1.15
EVT00138,CAM0052,Shopee Ads,2026-08-19,2026-08-30,1322598,22553,1.71,37396,440.66,1931,0.02,0.23
EVT00139,CAM0053,Lazada Ads,2026-07-11,2026-07-21,1210832,17525,1.45,29434,1042.87,1501,0.06,0.69
EVT00139,CAM0053,Google,2026-07-11,2026-07-21,1283543,22411,1.75,38042,208.54,1177,0.009,0.18
EVT00139,CAM0053,Email,2026-07-11,2026-07-21,991647,16202,1.63,26833,1749.44,848,0.108,2.06
EVT00140,CAM0053,Google,2026-07-15,2026-07-30,1811758,21675,1.2,35645,4366.18,1989,0.201,2.2
EVT00140,CAM0053,TikTok,2026-07-15,2026-07-30,1071603,15336,1.43,21126,4804.56,483,0.313,9.95
EVT00140,CAM0053,Lazada Ads,2026-07-15,2026-07-30,1782371,27020,1.52,43619,2747.39,1464,0.102,1.88
EVT00141,CAM0053,Lazada Ads,2026-07-15,2026-07-22,1660960,28241,1.7,49291,1311.8,2213,0.046,0.59
EVT00141,CAM0053,Meta,2026-07-15,2026-07-22,188701,2941,1.56,3990,498.94,214,0.17,2.33
EVT00141,CAM0053,TikTok,2026-07-15,2026-07-22,376527,6177,1.64,7467,963.56,395,0.156,2.44
EVT00141,CAM0053,Email,2026-07-15,2026-07-22,1724484,21110,1.22,30518,1072.97,647,0.051,1.66
EVT00142,CAM0054,Lazada Ads,2026-09-10,2026-09-21,820898,13572,1.65,19590,1882.8,542,0.139,3.47
EVT00142,CAM0054,TikTok,2026-09-10,2026-09-21,995518,16241,1.63,23531,4104.67,921,0.253,4.46
EVT00142,CAM0054,Shopee Ads,2026-09-10,2026-09-21,1901613,27391,1.44,38038,3692.56,1438,0.135,2.57
EVT00143,CAM0054,Google,2026-09-10,2026-09-20,163701,2927,1.79,4851,3135.09,199,1.071,15.75
EVT00143,CAM0054,Shopee Ads,2026-09-10,2026-09-20,707722,11341,1.6,14603,1392.32,694,0.123,2.01
EVT00144,CAM0055,Google,2026-11-05,2026-11-14,1464266,16489,1.13,28419,3225.57,1310,0.196,2.46
EVT00144,CAM0055,TikTok,2026-11-05,2026-11-14,1934390,24726,1.28,33953,2963.44,1183,0.12,2.51
EVT00145,CAM0055,Meta,2026-11-05,2026-11-17,1311386,19159,1.46,32355,3256.36,935,0.17,3.48
EVT00145,CAM0055,Google,2026-11-05,2026-11-17,1396620,20461,1.47,31185,1387.16,1530,0.068,0.91
EVT00146,CAM0055,Meta,2026-11-06,2026-11-13,1500597,16643,1.11,21676,3655.79,864,0.22,4.23
EVT00146,CAM0055,Google,2026-11-06,2026-11-13,1966114,31505,1.6,38868,1369.35,987,0.043,1.39
EVT00146,CAM0055,TikTok,2026-11-06,2026-11-13,1876352,30493,1.63,44263,1786.31,1245,0.059,1.43
EVT00147,CAM0056,TikTok,2026-12-16,2027-01-04,68014,887,1.3,1562,1228.5,80,1.385,15.36
EVT00147,CAM0056,Email,2026-12-16,2027-01-04,177422,3052,1.72,5239,4712.19,253,1.544,18.63
EVT00148,CAM0056,Shopee Ads,2026-12-17,2026-12-28,1937411,34983,1.81,62140,275.14,3052,0.008,0.09
EVT00148,CAM0056,Email,2026-12-17,2026-12-28,622589,8163,1.31,12720,9773.05,712,1.197,13.73
EVT00149,CAM0057,Google,2027-01-08,2027-01-24,814352,8976,1.1,13059,690.0,705,0.077,0.98
EVT00149,CAM0057,Shopee Ads,2027-01-08,2027-01-24,303501,3768,1.24,5105,1773.55,282,0.471,6.29
EVT00149,CAM0057,Lazada Ads,2027-01-08,2027-01-24,348547,5212,1.5,8606,1421.38,276,0.273,5.15
EVT00150,CAM0057,Meta,2027-01-12,2027-01-30,1984141,23063,1.16,31473,321.17,1027,0.014,0.31
EVT00150,CAM0057,Lazada Ads,2027-01-12,2027-01-30,625217,10091,1.61,16221,2963.51,612,0.294,4.84
EVT00150,CAM0057,TikTok,2027-01-12,2027-01-30,893173,10133,1.13,14914,287.99,707,0.028,0.41
EVT00150,CAM0057,Google,2027-01-12,2027-01-30,1251562,17501,1.4,30938,1112.75,1163,0.064,0.96
EVT00151,CAM0058,Shopee Ads,2027-04-18,2027-04-28,1498569,27087,1.81,33664,2569.74,1878,0.095,1.37
EVT00151,CAM0058,Google,2027-04-18,2027-04-28,1144281,15892,1.39,23657,4029.24,1073,0.254,3.76
EVT00152,CAM0058,Shopee Ads,2027-04-18,2027-04-28,1536678,17551,1.14,27447,348.71,1270,0.02,0.27
EVT00152,CAM0058,Google,2027-04-18,2027-04-28,236575,3766,1.59,5857,506.69,123,0.135,4.12
EVT00152,CAM0058,Lazada Ads,2027-04-18,2027-04-28,628396,9828,1.56,14335,244.43,316,0.025,0.77
EVT00152,CAM0058,Email,2027-04-18,2027-04-28,667227,8661,1.3,11991,452.65,613,0.052,0.74
EVT00153,CAM0059,Meta,2027-08-19,2027-08-24,473315,6280,1.33,10144,595.76,246,0.095,2.42
EVT00153,CAM0059,Google,2027-08-19,2027-08-24,1842166,25378,1.38,32774,1064.36,1400,0.042,0.76
EVT00153,CAM0059,Email,2027-08-19,2027-08-24,186441,2417,1.3,3619,1680.48,111,0.695,15.14
EVT00154,CAM0059,Shopee Ads,2027-08-17,2027-08-30,1986943,23221,1.17,38741,2755.91,971,0.119,2.84
EVT00154,CAM0059,Meta,2027-08-17,2027-08-30,901537,10287,1.14,13249,943.44,303,0.092,3.11
EVT00154,CAM0059,Google,2027-08-17,2027-08-30,1756997,25395,1.45,30737,3931.68,850,0.155,4.63
EVT00154,CAM0059,Email,2027-08-17,2027-08-30,1518952,20206,1.33,29068,607.91,1675,0.03,0.36
EVT00155,CAM0059,TikTok,2027-08-18,2027-08-29,484347,8287,1.71,10798,688.47,365,0.083,1.89
EVT00155,CAM0059,Google,2027-08-18,2027-08-29,339033,5358,1.58,7538,4921.19,386,0.918,12.75
EVT00155,CAM0059,Shopee Ads,2027-08-18,2027-08-29,1168747,15024,1.29,20995,897.3,659,0.06,1.36
EVT00155,CAM0059,Email,2027-08-18,2027-08-29,1367883,20406,1.49,32986,2136.05,703,0.105,3.04
EVT00156,CAM0060,Meta,2027-07-12,2027-07-22,1366089,22818,1.67,32661,1035.88,1857,0.045,0.56
EVT00156,CAM0060,Google,2027-07-12,2027-07-22,483218,6221,1.29,9159,3796.24,525,0.61,7.23
EVT00156,CAM0060,Email,2027-07-12,2027-07-22,761401,9783,1.28,15448,3252.46,507,0.332,6.42
EVT00156,CAM0060,Shopee Ads,2027-07-12,2027-07-22,553414,10092,1.82,14368,1089.32,697,0.108,1.56
EVT00157,CAM0060,Email,2027-07-13,2027-07-28,80016,1470,1.84,2317,359.75,121,0.245,2.97
EVT00157,CAM0060,Shopee Ads,2027-07-13,2027-07-28,264325,3037,1.15,4126,470.45,156,0.155,3.02
EVT00157,CAM0060,TikTok,2027-07-13,2027-07-28,1723230,29915,1.74,36793,427.23,877,0.014,0.49
EVT00157,CAM0060,Lazada Ads,2027-07-13,2027-07-28,1324614,18260,1.38,23096,128.94,871,0.007,0.15
EVT00158,CAM0061,Shopee Ads,2027-09-06,2027-09-13,1749782,31123,1.78,47871,2465.77,1552,0.079,1.59
EVT00158,CAM0061,Meta,2027-09-06,2027-09-13,850389,9739,1.15,13701,3108.79,567,0.319,5.48
EVT00158,CAM0061,TikTok,2027-09-06,2027-09-13,1399097,18053,1.29,31292,1826.51,640,0.101,2.85
EVT00158,CAM0061,Email,2027-09-06,2027-09-13,596853,9076,1.52,12350,2901.86,549,0.32,5.29
EVT00159,CAM0061,TikTok,2027-09-05,2027-09-16,1068079,15737,1.47,22556,1383.35,756,0.088,1.83
EVT00159,CAM0061,Google,2027-09-05,2027-09-16,860279,10876,1.26,18709,1653.5,1088,0.152,1.52
EVT00159,CAM0061,Email,2027-09-05,2027-09-16,1933440,26831,1.39,36052,2032.41,1988,0.076,1.02
EVT00159,CAM0061,Shopee Ads,2027-09-05,2027-09-16,1161490,13451,1.16,17044,3414.15,548,0.254,6.23
EVT00160,CAM0061,Email,2027-09-01,2027-09-14,1846026,23648,1.28,31188,4977.5,988,0.21,5.04
EVT00160,CAM0061,Shopee Ads,2027-09-01,2027-09-14,338181,3927,1.16,7021,4316.22,156,1.099,27.67
EVT00161,CAM0062,Lazada Ads,2027-11-07,2027-11-18,165934,2363,1.42,3419,3636.24,169,1.539,21.52
EVT00161,CAM0062,TikTok,2027-11-07,2027-11-18,1647251,26487,1.61,42013,541.95,1652,0.02,0.33
EVT00161,CAM0062,Meta,2027-11-07,2027-11-18,399945,5986,1.5,8326,3681.1,287,0.615,12.83
EVT00161,CAM0062,Google,2027-11-07,2027-11-18,1852412,24822,1.34,35968,1180.27,1342,0.048,0.88
EVT00162,CAM0062,Email,2027-11-09,2027-11-21,1296084,20638,1.59,26947,4059.38,702,0.197,5.78
EVT00162,CAM0062,Lazada Ads,2027-11-09,2027-11-21,1644125,18560,1.13,31481,1114.02,1262,0.06,0.88
EVT00162,CAM0062,Google,2027-11-09,2027-11-21,155651,2705,1.74,4692,1909.64,147,0.706,12.99
EVT00163,CAM0062,Google,2027-11-11,2027-11-20,1933522,23130,1.2,37539,686.76,1057,0.03,0.65
EVT00163,CAM0062,TikTok,2027-11-11,2027-11-20,1275423,21827,1.71,34984,206.54,1978,0.009,0.1
EVT00163,CAM0062,Email,2027-11-11,2027-11-20,415314,4635,1.12,7797,414.11,361,0.089,1.15
EVT00164,CAM0063,Email,2027-12-14,2027-12-29,992251,12578,1.27,16356,527.45,533,0.042,0.99
EVT00164,CAM0063,Lazada Ads,2027-12-14,2027-12-29,905835,16208,1.79,27260,1453.27,849,0.09,1.71
EVT00164,CAM0063,TikTok,2027-12-14,2027-12-29,521595,5984,1.15,9303,1938.39,540,0.324,3.59
EVT00165,CAM0063,Lazada Ads,2027-12-14,2027-12-30,836874,10027,1.2,12629,533.35,680,0.053,0.78
EVT00165,CAM0063,Shopee Ads,2027-12-14,2027-12-30,815601,14123,1.73,18503,2592.46,915,0.184,2.83
EVT00166,CAM0064,Email,2028-01-06,2028-01-22,355973,5841,1.64,9701,1146.34,512,0.196,2.24
EVT00166,CAM0064,Meta,2028-01-06,2028-01-22,1781808,26216,1.47,46851,4020.32,2534,0.153,1.59
EVT00166,CAM0064,Google,2028-01-06,2028-01-22,447860,7631,1.7,11441,2762.61,557,0.362,4.96
EVT00167,CAM0064,Google,2028-01-07,2028-01-27,1776716,23061,1.3,28231,1971.99,734,0.086,2.69
EVT00167,CAM0064,Meta,2028-01-07,2028-01-27,1530972,21169,1.38,25506,5976.97,1326,0.282,4.51
EVT00167,CAM0064,Email,2028-01-07,2028-01-27,1769541,21066,1.19,36893,592.05,1074,0.028,0.55
EVT00168,CAM0065,TikTok,2028-04-14,2028-04-26,507463,6246,1.23,9543,687.65,533,0.11,1.29
EVT00168,CAM0065,Shopee Ads,2028-04-14,2028-04-26,1428849,22272,1.56,30352,7304.67,902,0.328,8.1
EVT00169,CAM0065,Lazada Ads,2028-04-15,2028-05-03,1758845,32481,1.85,47955,2968.84,1692,0.091,1.75
EVT00169,CAM0065,Email,2028-04-15,2028-05-03,701104,11792,1.68,16053,2425.11,609,0.206,3.98
EVT00169,CAM0065,Shopee Ads,2028-04-15,2028-05-03,1792060,24790,1.38,36181,1674.06,1237,0.068,1.35
EVT00170,CAM0065,TikTok,2028-04-13,2028-04-26,281606,3917,1.39,5433,6231.76,240,1.591,25.97
EVT00170,CAM0065,Shopee Ads,2028-04-13,2028-04-26,1383849,21015,1.52,30888,2753.48,1014,0.131,2.72
EVT00171,CAM0066,Meta,2028-08-16,2028-08-30,1846540,30629,1.66,42128,1601.25,1616,0.052,0.99
EVT00171,CAM0066,Lazada Ads,2028-08-16,2028-08-30,1683115,23244,1.38,39181,2743.85,960,0.118,2.86
EVT00172,CAM0066,TikTok,2028-08-15,2028-08-23,1871334,29599,1.58,50726,1462.65,2731,0.049,0.54
EVT00172,CAM0066,Email,2028-08-15,2028-08-23,174805,2151,1.23,3091,647.42,178,0.301,3.64
EVT00172,CAM0066,Google,2028-08-15,2028-08-23,1984085,30108,1.52,46178,1846.81,1041,0.061,1.77
EVT00173,CAM0066,Lazada Ads,2028-08-19,2028-09-02,332781,4287,1.29,6483,7719.8,345,1.801,22.38
EVT00173,CAM0066,TikTok,2028-08-19,2028-09-02,802316,10544,1.31,13679,4702.59,705,0.446,6.67
EVT00174,CAM0067,Email,2028-07-07,2028-07-22,374259,4890,1.31,7046,352.03,421,0.072,0.84
EVT00174,CAM0067,Meta,2028-07-07,2028-07-22,1725518,27423,1.59,36208,705.99,1855,0.026,0.38
EVT00174,CAM0067,TikTok,2028-07-07,2028-07-22,1792736,32037,1.79,47193,1220.13,2717,0.038,0.45
EVT00174,CAM0067,Lazada Ads,2028-07-07,2028-07-22,1336882,21879,1.64,38819,349.47,813,0.016,0.43
EVT00175,CAM0067,Google,2028-07-07,2028-07-14,1796810,28157,1.57,41352,467.59,1489,0.017,0.31
EVT00175,CAM0067,Shopee Ads,2028-07-07,2028-07-14,1017524,11829,1.16,15684,764.53,771,0.065,0.99
EVT00175,CAM0067,Meta,2028-07-07,2028-07-14,1649528,26645,1.62,35984,888.82,1997,0.033,0.45
EVT00175,CAM0067,Email,2028-07-07,2028-07-14,1324594,23847,1.8,40192,2747.56,2382,0.115,1.15
EVT00176,CAM0067,Lazada Ads,2028-07-06,2028-07-12,1472926,17869,1.21,26087,1211.0,1328,0.068,0.91
EVT00176,CAM0067,Email,2028-07-06,2028-07-12,1188670,14677,1.23,18636,979.51,875,0.067,1.12
EVT00176,CAM0067,Google,2028-07-06,2028-07-12,713121,11430,1.6,19759,2256.12,1024,0.197,2.2
EVT00176,CAM0067,TikTok,2028-07-06,2028-07-12,470538,5927,1.26,8197,878.21,385,0.148,2.28
EVT00177,CAM0067,Google,2028-07-07,2028-07-18,1583895,29113,1.84,45591,1643.69,2071,0.056,0.79
EVT00177,CAM0067,Lazada Ads,2028-07-07,2028-07-18,641530,7644,1.19,10065,2926.34,280,0.383,10.45
EVT00178,CAM0068,Email,2028-09-10,2028-09-23,768448,10195,1.33,17360,1589.64,691,0.156,2.3
EVT00178,CAM0068,Lazada Ads,2028-09-10,2028-09-23,1605064,29523,1.84,50883,2368.83,2590,0.08,0.91
EVT00178,CAM0068,Shopee Ads,2028-09-10,2028-09-23,1865162,27450,1.47,42193,7066.23,2304,0.257,3.07
EVT00179,CAM0068,Lazada Ads,2028-09-06,2028-09-16,1912678,32686,1.71,46052,6554.33,1991,0.201,3.29
EVT00179,CAM0068,Google,2028-09-06,2028-09-16,411120,7503,1.83,13346,3365.6,281,0.449,11.98
EVT00180,CAM0069,Lazada Ads,2028-11-18,2028-12-01,1477987,19168,1.3,31602,5720.67,1394,0.298,4.1
EVT00180,CAM0069,Google,2028-11-18,2028-12-01,102609,1165,1.14,1789,7188.96,71,6.171,101.25
EVT00180,CAM0069,Shopee Ads,2028-11-18,2028-12-01,998451,15480,1.55,24097,813.15,751,0.053,1.08
EVT00181,CAM0069,TikTok,2028-11-15,2028-11-26,1591902,25188,1.58,36655,4071.93,1230,0.162,3.31
EVT00181,CAM0069,Meta,2028-11-15,2028-11-26,267446,3286,1.23,4712,1123.12,103,0.342,10.9
EVT00182,CAM0070,Email,2028-12-11,2028-12-23,305497,4186,1.37,6443,412.87,219,0.099,1.89
EVT00182,CAM0070,TikTok,2028-12-11,2028-12-23,181481,3263,1.8,4858,2456.71,175,0.753,14.04
EVT00182,CAM0070,Google,2028-12-11,2028-12-23,1242834,21830,1.76,30112,2766.58,1325,0.127,2.09
EVT00182,CAM0070,Lazada Ads,2028-12-11,2028-12-23,1004163,14190,1.41,19137,7964.81,1016,0.561,7.84
EVT00183,CAM0070,Lazada Ads,2028-12-12,2028-12-28,283032,3455,1.22,5809,1721.36,164,0.498,10.5
EVT00183,CAM0070,TikTok,2028-12-12,2028-12-28,1244760,17442,1.4,28023,2674.9,665,0.153,4.02
EVT00183,CAM0070,Meta,2028-12-12,2028-12-28,129875,2242,1.73,2850,2729.39,126,1.217,21.66
EVT00183,CAM0070,Email,2028-12-12,2028-12-28,427014,7728,1.81,13751,6594.17,419,0.853,15.74
EVT00184,CAM0070,TikTok,2028-12-10,2028-12-21,1353944,15761,1.16,28311,9364.36,1300,0.594,7.2
EVT00184,CAM0070,Meta,2028-12-10,2028-12-21,1799650,28852,1.6,34640,2859.33,1922,0.099,1.49
EVT00185,CAM0071,TikTok,2029-01-16,2029-01-28,547860,8632,1.58,12027,1109.89,399,0.129,2.78
EVT00185,CAM0071,Email,2029-01-16,2029-01-28,1603242,18457,1.15,25951,705.29,1330,0.038,0.53
EVT00185,CAM0071,Lazada Ads,2029-01-16,2029-01-28,1385501,20025,1.45,31170,746.76,1007,0.037,0.74
EVT00186,CAM0071,Meta,2029-01-18,2029-01-28,1069033,12310,1.15,21586,2988.03,1223,0.243,2.44
EVT00186,CAM0071,Google,2029-01-18,2029-01-28,1944842,35574,1.83,45464,5836.29,1569,0.164,3.72
EVT00187,CAM0071,Google,2029-01-16,2029-02-02,1658382,19056,1.15,33513,1904.19,1809,0.1,1.05
EVT00187,CAM0071,Shopee Ads,2029-01-16,2029-02-02,643100,11492,1.79,14321,3258.08,769,0.284,4.24
EVT00187,CAM0071,Lazada Ads,2029-01-16,2029-02-02,1936636,32788,1.69,48229,305.77,2681,0.009,0.11
EVT00188,CAM0072,Google,2029-04-16,2029-05-04,970304,14254,1.47,24453,939.6,643,0.066,1.46
EVT00188,CAM0072,Shopee Ads,2029-04-16,2029-05-04,1252694,18867,1.51,32317,3549.63,1016,0.188,3.49
EVT00188,CAM0072,Meta,2029-04-16,2029-05-04,519946,8300,1.6,10380,6873.71,433,0.828,15.87
EVT00188,CAM0072,Lazada Ads,2029-04-16,2029-05-04,916123,14301,1.56,19055,2799.65,582,0.196,4.81
EVT00189,CAM0072,Google,2029-04-16,2029-04-26,1736426,22295,1.28,32144,1229.44,866,0.055,1.42
EVT00189,CAM0072,Email,2029-04-16,2029-04-26,1460922,16294,1.12,21852,200.34,1017,0.012,0.2
EVT00189,CAM0072,TikTok,2029-04-16,2029-04-26,210451,2456,1.17,3761,779.93,170,0.318,4.59
EVT00189,CAM0072,Lazada Ads,2029-04-16,2029-04-26,1973820,25838,1.31,36146,221.38,1754,0.009,0.13
EVT00190,CAM0072,TikTok,2029-04-15,2029-05-02,302481,4327,1.43,6417,181.44,333,0.042,0.54
EVT00190,CAM0072,Shopee Ads,2029-04-15,2029-05-02,590020,7302,1.24,12272,654.15,530,0.09,1.23
EVT00190,CAM0072,Email,2029-04-15,2029-05-02,740299,9186,1.24,11112,517.53,281,0.056,1.84
EVT00190,CAM0072,Google,2029-04-15,2029-05-02,1735970,22439,1.29,29868,1016.78,960,0.045,1.06
EVT00191,CAM0072,TikTok,2029-04-15,2029-05-01,1710010,30354,1.78,45538,982.1,1842,0.032,0.53
EVT00191,CAM0072,Google,2029-04-15,2029-05-01,1572606,27756,1.76,40771,1131.37,945,0.041,1.2
EVT00191,CAM0072,Meta,2029-04-15,2029-05-01,770088,9264,1.2,16277,2004.86,844,0.216,2.38
EVT00191,CAM0072,Shopee Ads,2029-04-15,2029-05-01,1652932,21700,1.31,37563,1206.73,2228,0.056,0.54
EVT00192,CAM0073,Shopee Ads,2029-08-11,2029-08-22,271544,4415,1.63,6490,6634.99,134,1.503,49.51
EVT00192,CAM0073,Meta,2029-08-11,2029-08-22,1734314,31796,1.83,45904,662.94,2372,0.021,0.28
EVT00193,CAM0073,Shopee Ads,2029-08-15,2029-08-28,981844,13164,1.34,22953,4709.43,691,0.358,6.82
EVT00193,CAM0073,Email,2029-08-15,2029-08-28,1607165,29385,1.83,49512,5714.47,2311,0.194,2.47
EVT00194,CAM0073,Email,2029-08-11,2029-08-24,842051,10750,1.28,17554,4095.94,586,0.381,6.99
EVT00194,CAM0073,TikTok,2029-08-11,2029-08-24,1184028,19949,1.68,29080,1079.39,1172,0.054,0.92
EVT00194,CAM0073,Google,2029-08-11,2029-08-24,1408659,24470,1.74,30926,2550.03,1012,0.104,2.52
EVT00195,CAM0073,Lazada Ads,2029-08-16,2029-08-28,1333183,17764,1.33,29832,1958.54,1678,0.11,1.17
EVT00195,CAM0073,Google,2029-08-16,2029-08-28,422654,7037,1.66,12203,897.05,537,0.127,1.67
EVT00195,CAM0073,TikTok,2029-08-16,2029-08-28,1976439,36200,1.83,59684,3476.6,2426,0.096,1.43
EVT00196,CAM0074,TikTok,2029-07-17,2029-07-23,1913080,26442,1.38,44125,659.84,971,0.025,0.68
EVT00196,CAM0074,Lazada Ads,2029-07-17,2029-07-23,1352919,16588,1.23,26333,937.03,1280,0.056,0.73
EVT00196,CAM0074,Google,2029-07-17,2029-07-23,106804,1570,1.47,2042,668.62,110,0.426,6.08
EVT00197,CAM0074,Lazada Ads,2029-07-17,2029-08-02,155263,2429,1.56,4093,3296.56,204,1.357,16.16
EVT00197,CAM0074,Email,2029-07-17,2029-08-02,576639,7817,1.36,11632,3939.04,490,0.504,8.04
EVT00197,CAM0074,Shopee Ads,2029-07-17,2029-08-02,1031640,18029,1.75,21967,2698.43,592,0.15,4.56
EVT00197,CAM0074,Google,2029-07-17,2029-08-02,545278,6670,1.22,11326,1402.44,424,0.21,3.31
EVT00198,CAM0075,Meta,2029-09-09,2029-09-15,237602,3378,1.42,5321,2964.21,183,0.878,16.2
EVT00198,CAM0075,Google,2029-09-09,2029-09-15,491204,8896,1.81,14650,1476.97,784,0.166,1.88
EVT00198,CAM0075,TikTok,2029-09-09,2029-09-15,734075,9111,1.24,12519,3882.65,725,0.426,5.36
EVT00198,CAM0075,Shopee Ads,2029-09-09,2029-09-15,1059953,12429,1.17,17740,561.69,588,0.045,0.96
EVT00199,CAM0075,Email,2029-09-07,2029-09-17,86362,1206,1.4,1720,1839.95,79,1.526,23.29
EVT00199,CAM0075,TikTok,2029-09-07,2029-09-17,1630444,20945,1.28,25720,2973.54,694,0.142,4.28
EVT00199,CAM0075,Google,2029-09-07,2029-09-17,1836463,25890,1.41,31612,449.67,1596,0.017,0.28
EVT00200,CAM0075,Lazada Ads,2029-09-09,2029-09-16,82894,1347,1.62,1838,7605.57,106,5.646,71.75
EVT00200,CAM0075,TikTok,2029-09-09,2029-09-16,1750415,24752,1.41,29915,2111.4,1619,0.085,1.3
EVT00201,CAM0075,Shopee Ads,2029-09-08,2029-09-20,1032848,17597,1.7,29435,3768.11,1216,0.214,3.1
EVT00201,CAM0075,Meta,2029-09-08,2029-09-20,1638092,23397,1.43,34121,489.16,1830,0.021,0.27
EVT00202,CAM0076,Shopee Ads,2029-11-17,2029-11-23,840260,10448,1.24,18452,3330.29,1011,0.319,3.29
EVT00202,CAM0076,Meta,2029-11-17,2029-11-23,757097,13454,1.78,17128,595.65,575,0.044,1.04
EVT00202,CAM0076,Email,2029-11-17,2029-11-23,1936610,34223,1.77,52895,3684.69,1302,0.108,2.83
EVT00202,CAM0076,Google,2029-11-17,2029-11-23,1661386,19754,1.19,30985,6633.0,1134,0.336,5.85
EVT00203,CAM0076,Shopee Ads,2029-11-18,2029-11-25,1446466,21178,1.46,26460,1586.01,818,0.075,1.94
EVT00203,CAM0076,Email,2029-11-18,2029-11-25,905905,16367,1.81,26971,573.61,916,0.035,0.63
EVT00203,CAM0076,Lazada Ads,2029-11-18,2029-11-25,1216700,17777,1.46,23743,152.4,826,0.009,0.18
EVT00203,CAM0076,Meta,2029-11-18,2029-11-25,750029,11260,1.5,14492,674.95,433,0.06,1.56
EVT00204,CAM0076,Email,2029-11-17,2029-11-26,218652,3307,1.51,5115,4824.76,247,1.459,19.53
EVT00204,CAM0076,Meta,2029-11-17,2029-11-26,1355619,22090,1.63,27025,3112.18,783,0.141,3.97
EVT00204,CAM0076,Lazada Ads,2029-11-17,2029-11-26,1777397,28040,1.58,40288,3761.63,1088,0.134,3.46
EVT00204,CAM0076,Shopee Ads,2029-11-17,2029-11-26,424624,6728,1.58,9667,1306.35,481,0.194,2.72
EVT00205,CAM0077,Shopee Ads,2029-12-02,2029-12-19,412507,7330,1.78,10191,1377.18,384,0.188,3.59
EVT00205,CAM0077,TikTok,2029-12-02,2029-12-19,402881,4970,1.23,7460,300.14,357,0.06,0.84
EVT00205,CAM0077,Meta,2029-12-02,2029-12-19,1445139,16837,1.17,24453,685.62,707,0.041,0.97
EVT00206,CAM0077,Meta,2029-12-06,2029-12-19,169856,2240,1.32,3547,254.09,207,0.113,1.23
EVT00206,CAM0077,Lazada Ads,2029-12-06,2029-12-19,1210623,16971,1.4,23146,1758.87,1109,0.104,1.59
EVT00206,CAM0077,Google,2029-12-06,2029-12-19,820914,14222,1.73,23841,2988.95,1219,0.21,2.45
EVT00206,CAM0077,Email,2029-12-06,2029-12-19,1535135,24282,1.58,41864,5475.7,2051,0.226,2.67
EVT00207,CAM0077,Shopee Ads,2029-12-02,2029-12-14,1980210,29151,1.47,52074,1465.34,1993,0.05,0.74
EVT00207,CAM0077,Email,2029-12-02,2029-12-14,982750,13205,1.34,17574,1310.3,879,0.099,1.49
EVT00207,CAM0077,Meta,2029-12-02,2029-12-14,912073,11794,1.29,17628,3418.06,594,0.29,5.75
EVT00208,CAM0077,Shopee Ads,2029-12-03,2029-12-23,1530285,20017,1.31,28975,2707.87,1490,0.135,1.82
EVT00208,CAM0077,Lazada Ads,2029-12-03,2029-12-23,401875,5337,1.33,8529,2636.76,257,0.494,10.26
EVT00208,CAM0077,Meta,2029-12-03,2029-12-23,1690364,21331,1.26,35039,827.12,1660,0.039,0.5
EVT00209,CAM0078,Email,2030-01-04,2030-01-24,750356,11305,1.51,16162,4318.69,471,0.382,9.17
EVT00209,CAM0078,Lazada Ads,2030-01-04,2030-01-24,602988,9222,1.53,11786,10360.46,527,1.123,19.66
EVT00210,CAM0078,Shopee Ads,2030-01-06,2030-01-22,268357,3685,1.37,5790,3158.84,271,0.857,11.66
EVT00210,CAM0078,Meta,2030-01-06,2030-01-22,1398100,19599,1.4,25137,2466.17,643,0.126,3.84
EVT00210,CAM0078,TikTok,2030-01-06,2030-01-22,156342,2028,1.3,2472,4929.01,119,2.43,41.42
EVT00210,CAM0078,Email,2030-01-06,2030-01-22,1195914,18642,1.56,24137,4020.56,1097,0.216,3.67
EVT00211,CAM0078,Meta,2030-01-04,2030-01-23,1402817,22811,1.63,37077,957.55,1918,0.042,0.5
EVT00211,CAM0078,TikTok,2030-01-04,2030-01-23,1008485,14129,1.4,21489,6213.32,664,0.44,9.36
EVT00211,CAM0078,Email,2030-01-04,2030-01-23,1521232,17457,1.15,24574,1648.74,805,0.094,2.05
EVT00212,CAM0079,TikTok,2030-04-16,2030-04-27,809638,14799,1.83,19782,3654.78,979,0.247,3.73
EVT00212,CAM0079,Shopee Ads,2030-04-16,2030-04-27,383177,5481,1.43,8697,3699.88,236,0.675,15.68
EVT00213,CAM0079,Lazada Ads,2030-04-16,2030-04-26,1701288,28811,1.69,44399,3930.74,1411,0.136,2.79
EVT00213,CAM0079,Shopee Ads,2030-04-16,2030-04-26,1213982,16357,1.35,25654,3877.68,832,0.237,4.66
EVT00213,CAM0079,Google,2030-04-16,2030-04-26,861202,9849,1.14,15457,1934.79,595,0.196,3.25
EVT00213,CAM0079,Meta,2030-04-16,2030-04-26,1498719,24279,1.62,41141,5047.09,2079,0.208,2.43
EVT00214,CAM0080,Email,2030-08-14,2030-08-26,1853753,21952,1.18,29062,1085.16,1416,0.049,0.77
EVT00214,CAM0080,Shopee Ads,2030-08-14,2030-08-26,870762,10071,1.16,12697,2856.75,557,0.284,5.13
EVT00214,CAM0080,Lazada Ads,2030-08-14,2030-08-26,74288,867,1.17,1447,2173.78,74,2.507,29.38
EVT00215,CAM0080,Google,2030-08-19,2030-08-29,733559,11666,1.59,18761,10296.72,649,0.883,15.87
EVT00215,CAM0080,Lazada Ads,2030-08-19,2030-08-29,1182087,15254,1.29,18676,3838.89,396,0.252,9.69
EVT00216,CAM0080,Lazada Ads,2030-08-17,2030-08-27,1181547,21194,1.79,30557,3362.44,868,0.159,3.87
EVT00216,CAM0080,Email,2030-08-17,2030-08-27,1791749,27376,1.53,44441,6610.83,1462,0.241,4.52
EVT00217,CAM0081,Google,2030-07-10,2030-07-26,341574,5214,1.53,7304,3332.55,162,0.639,20.57
EVT00217,CAM0081,TikTok,2030-07-10,2030-07-26,1166779,21383,1.83,28924,2561.24,935,0.12,2.74
EVT00217,CAM0081,Meta,2030-07-10,2030-07-26,638457,10999,1.72,13333,7230.82,640,0.657,11.3
EVT00218,CAM0081,Email,2030-07-06,2030-07-14,591362,6792,1.15,12023,4571.65,472,0.673,9.69
EVT00218,CAM0081,Lazada Ads,2030-07-06,2030-07-14,1641077,20772,1.27,27287,4306.29,1024,0.207,4.21
EVT00218,CAM0081,TikTok,2030-07-06,2030-07-14,1254663,18040,1.44,30188,2366.86,1554,0.131,1.52
EVT00219,CAM0081,Lazada Ads,2030-07-08,2030-07-21,1543489,25831,1.67,36965,1352.36,1615,0.052,0.84
EVT00219,CAM0081,Google,2030-07-08,2030-07-21,526248,8102,1.54,14577,2162.92,584,0.267,3.7
EVT00219,CAM0081,Shopee Ads,2030-07-08,2030-07-21,930743,15064,1.62,21767,2119.26,437,0.141,4.85
EVT00220,CAM0082,TikTok,2030-09-10,2030-09-20,373359,6389,1.71,11195,1284.51,580,0.201,2.21
EVT00220,CAM0082,Email,2030-09-10,2030-09-20,137792,2182,1.58,3605,1161.74,185,0.532,6.28
EVT00220,CAM0082,Meta,2030-09-10,2030-09-20,1146840,17147,1.5,29108,3745.47,1038,0.218,3.61
EVT00220,CAM0082,Lazada Ads,2030-09-10,2030-09-20,132944,1790,1.35,2538,1456.6,98,0.814,14.86
EVT00221,CAM0082,Meta,2030-09-09,2030-09-19,1160546,20376,1.76,25819,5847.94,1469,0.287,3.98
EVT00221,CAM0082,Email,2030-09-09,2030-09-19,1535631,16966,1.1,25165,8779.99,517,0.518,16.98
EVT00222,CAM0083,Email,2030-11-06,2030-11-19,861827,12699,1.47,18297,1460.91,1067,0.115,1.37
EVT00222,CAM0083,Google,2030-11-06,2030-11-19,1897507,33212,1.75,54574,3475.16,3170,0.105,1.1
EVT00222,CAM0083,Meta,2030-11-06,2030-11-19,96613,1676,1.73,3007,8404.08,140,5.014,60.03
EVT00223,CAM0083,Google,2030-11-04,2030-11-17,923073,12344,1.34,17163,3858.63,834,0.313,4.63
EVT00223,CAM0083,Meta,2030-11-04,2030-11-17,419562,5705,1.36,7325,6102.31,297,1.07,20.55
EVT00224,CAM0083,Meta,2030-11-06,2030-11-15,575503,10140,1.76,15920,2212.13,747,0.218,2.96
EVT00224,CAM0083,Shopee Ads,2030-11-06,2030-11-15,397822,5424,1.36,9478,1549.26,312,0.286,4.97
EVT00224,CAM0083,TikTok,2030-11-06,2030-11-15,75062,1356,1.81,2225,3382.43,101,2.494,33.49
EVT00224,CAM0083,Email,2030-11-06,2030-11-15,803707,8945,1.11,11954,5306.34,441,0.593,12.03
EVT00225,CAM0083,Shopee Ads,2030-11-03,2030-11-16,844008,11519,1.36,19395,2997.82,1043,0.26,2.87
EVT00225,CAM0083,TikTok,2030-11-03,2030-11-16,1164476,20532,1.76,36213,2448.15,955,0.119,2.56
EVT00226,CAM0084,Lazada Ads,2030-12-21,2031-01-03,85896,1377,1.6,2357,12814.02,133,9.306,96.35
EVT00226,CAM0084,TikTok,2030-12-21,2031-01-03,873508,11502,1.32,17058,2169.61,619,0.189,3.51
EVT00227,CAM0084,Meta,2030-12-19,2031-01-05,450806,6158,1.37,8607,1314.67,423,0.213,3.11
EVT00227,CAM0084,Lazada Ads,2030-12-19,2031-01-05,760849,13176,1.73,18589,1505.9,692,0.114,2.18
EVT00227,CAM0084,TikTok,2030-12-19,2031-01-05,1182668,20271,1.71,33902,2630.91,1515,0.13,1.74
